Unemployment	B	Unemployment	http://en.wikipedia.org/wiki/Unemployment	
in				
the				
EU	B	EU	http://en.wikipedia.org/wiki/European_Union	http://aksw.org/notInWiki/EU
at				
record				
low				
since				
2008	B	2008	http://en.wikipedia.org/wiki/2008	
.				
				
According				
to				
the				
latest				
Eurostat	B	Eurostat	http://en.wikipedia.org/wiki/Eurostat	http://aksw.org/notInWiki/Eurostat
figures				
the				
unemployment	B	unemployment	http://en.wikipedia.org/wiki/Unemployment	
has				
hit				
its				
lowest				
rate				
since				
December	B	December	http://en.wikipedia.org/wiki/December	
2008	B	2008	http://en.wikipedia.org/wiki/2008	
for				
the				
second				
month	B	month	http://en.wikipedia.org/wiki/Month	
in				
a				
row				
in				
June	B	June	http://en.wikipedia.org/wiki/June	
.				
				
According				
to				
the				
latest				
Eurostat	B	Eurostat	http://en.wikipedia.org/wiki/Eurostat	http://aksw.org/notInWiki/Eurostat
findings				
,				
the				
unemployment	B	unemployment	http://en.wikipedia.org/wiki/Unemployment	
in				
the				
EU	B	EU	http://en.wikipedia.org/wiki/European_Union	http://aksw.org/notInWiki/EU
was				
7.7				
percent	B	percent	http://en.wikipedia.org/wiki/Percentage	
in				
June	B	June	http://en.wikipedia.org/wiki/June	
2017	B	2017	http://en.wikipedia.org/wiki/2017	
,				
the				
same				
rate				
as				
in				
May	B	May	http://en.wikipedia.org/wiki/May	
,				
and				
down				
from				
8.6				
percent	B	percent	http://en.wikipedia.org/wiki/Percentage	
in				
June	B	June	http://en.wikipedia.org/wiki/June	
2016	B	2016	http://en.wikipedia.org/wiki/2016	
.				
				
The				
current				
rate				
is				
the				
lowest				
recorded				
in				
the				
EU	B	EU	http://en.wikipedia.org/wiki/European_Union	http://aksw.org/notInWiki/EU
since				
December	B	December	http://en.wikipedia.org/wiki/December	
2008	B	2008	http://en.wikipedia.org/wiki/2008	
.				
				
The				
euro	B	euro_area	http://en.wikipedia.org/wiki/Eurozone	
area	I	euro_area	http://en.wikipedia.org/wiki/Eurozone	
seasonally				
-				
adjusted				
unemployment	B	unemployment	http://en.wikipedia.org/wiki/Unemployment	
was				
9.1				
percent	B	percent	http://en.wikipedia.org/wiki/Percentage	
in				
June	B	June	http://en.wikipedia.org/wiki/June	
2017	B	2017	http://en.wikipedia.org/wiki/2017	
,				
down				
from				
9.2				
percent	B	percent	http://en.wikipedia.org/wiki/Percentage	
in				
May	B	May	http://en.wikipedia.org/wiki/May	
2017	B	2017	http://en.wikipedia.org/wiki/2017	
and				
down				
from				
10.1				
percent	B	percent	http://en.wikipedia.org/wiki/Percentage	
in				
June	B	June	http://en.wikipedia.org/wiki/June	
2016	B	2016	http://en.wikipedia.org/wiki/2016	
.				
				
This				
is				
the				
lowest				
rate				
recorded				
in				
the				
euro	B	euro_area	http://en.wikipedia.org/wiki/Eurozone	
area	I	euro_area	http://en.wikipedia.org/wiki/Eurozone	
since				
February	B	February	http://en.wikipedia.org/wiki/February	
2009	B	2009	http://en.wikipedia.org/wiki/2009	
.				
				
Eurostat	B	Eurostat	http://en.wikipedia.org/wiki/Eurostat	http://aksw.org/notInWiki/Eurostat
estimates				
that				
18.725				
million	B	million	http://en.wikipedia.org/wiki/1,000,000	
men	B	men	http://en.wikipedia.org/wiki/Man	
and				
women	B	women	http://en.wikipedia.org/wiki/Woman	
in				
the				
EU28	B	EU28	http://en.wikipedia.org/wiki/European_Union	http://aksw.org/notInWiki/EU28
,				
of				
whom				
14.718				
million	B	million	http://en.wikipedia.org/wiki/1,000,000	
in				
the				
euro	B	euro_area	http://en.wikipedia.org/wiki/Eurozone	
area	I	euro_area	http://en.wikipedia.org/wiki/Eurozone	
,				
were				
unemployed	B	unemployed	http://en.wikipedia.org/wiki/Unemployment	
in				
June	B	June	http://en.wikipedia.org/wiki/June	
2017	B	2017	http://en.wikipedia.org/wiki/2017	
.				
				
Among				
the				
Member	B	Member_States	http://en.wikipedia.org/wiki/Member_state_of_the_European_Union	http://dbpedia.org/resource/Member_state
States	I	Member_States	http://en.wikipedia.org/wiki/Member_state_of_the_European_Union	http://dbpedia.org/resource/Member_state
,				
the				
lowest				
unemployment	B	unemployment	http://en.wikipedia.org/wiki/Unemployment	
in				
June	B	June	http://en.wikipedia.org/wiki/June	
2017	B	2017	http://en.wikipedia.org/wiki/2017	
was				
recorded				
in				
the				
Czech	B	Czech_Republic	http://en.wikipedia.org/wiki/Czech_Republic	http://dbpedia.org/resource/Czech_Republic
Republic	I	Czech_Republic	http://en.wikipedia.org/wiki/Czech_Republic	http://dbpedia.org/resource/Czech_Republic
(				
2.9				
percent	B	percent	http://en.wikipedia.org/wiki/Percentage	
)				
,				
Germany	B	Germany	http://en.wikipedia.org/wiki/Germany	http://dbpedia.org/resource/Germany
(				
3.8				
percent	B	percent	http://en.wikipedia.org/wiki/Percentage	
)				
and				
Malta	B	Malta	http://en.wikipedia.org/wiki/Malta	http://dbpedia.org/resource/Malta
(				
4.1percent	B	4.1percent	http://en.wikipedia.org/wiki/Percentage	
)				
.				
				
The				
highest				
unemployment	B	unemployment	http://en.wikipedia.org/wiki/Unemployment	
were				
observed				
in				
Greece	B	Greece	http://en.wikipedia.org/wiki/Greece	http://dbpedia.org/resource/Greece
(				
21.7				
percent	B	percent	http://en.wikipedia.org/wiki/Percentage	
in				
April	B	April	http://en.wikipedia.org/wiki/April	
2017	B	2017	http://en.wikipedia.org/wiki/2017	
)				
and				
Spain	B	Spain	http://en.wikipedia.org/wiki/Spain	http://dbpedia.org/resource/Spain
(				
17.1				
percent	B	percent	http://en.wikipedia.org/wiki/Percentage	
)				
.				
				
Compared				
with				
a				
year	B	year	http://en.wikipedia.org/wiki/Year	
ago				
,				
unemployment	B	unemployment	http://en.wikipedia.org/wiki/Unemployment	
fell				
in				
all				
Member	B	Member_States	http://en.wikipedia.org/wiki/Member_state_of_the_European_Union	http://dbpedia.org/resource/Member_state
States	I	Member_States	http://en.wikipedia.org/wiki/Member_state_of_the_European_Union	http://dbpedia.org/resource/Member_state
for				
which				
data	B	data	http://en.wikipedia.org/wiki/Data	
is				
comparable				
over				
time	B	time	http://en.wikipedia.org/wiki/Time	
,				
except				
Estonia	B	Estonia	http://en.wikipedia.org/wiki/Estonia	http://dbpedia.org/resource/Estonia
which				
showed				
an				
increase				
(				
from				
6.5				
percent	B	percent	http://en.wikipedia.org/wiki/Percentage	
in				
May	B	May	http://en.wikipedia.org/wiki/May	
2016	B	2016	http://en.wikipedia.org/wiki/2016	
to				
6.9				
percent	B	percent	http://en.wikipedia.org/wiki/Percentage	
in				
May	B	May	http://en.wikipedia.org/wiki/May	
2017	B	2017	http://en.wikipedia.org/wiki/2017	
)				
.				
				
The				
largest				
decreases				
were				
registered				
in				
Spain	B	Spain	http://en.wikipedia.org/wiki/Spain	http://dbpedia.org/resource/Spain
(				
from				
19.9				
percent	B	percent	http://en.wikipedia.org/wiki/Percentage	
to				
17.1				
percent	B	percent	http://en.wikipedia.org/wiki/Percentage	
)				
and				
Croatia	B	Croatia	http://en.wikipedia.org/wiki/Croatia	http://dbpedia.org/resource/Croatia
(				
from				
13.3				
percent	B	percent	http://en.wikipedia.org/wiki/Percentage	
to				
10.6				
percent	B	percent	http://en.wikipedia.org/wiki/Percentage	
)				
.				
				
As				
a				
comparison				
,				
in				
June	B	June	http://en.wikipedia.org/wiki/June	
2017	B	2017	http://en.wikipedia.org/wiki/2017	
,				
the				
unemployment	B	unemployment	http://en.wikipedia.org/wiki/Unemployment	
in				
the				
United	B	United_States	http://en.wikipedia.org/wiki/United_States	http://dbpedia.org/resource/United_States
States	I	United_States	http://en.wikipedia.org/wiki/United_States	http://dbpedia.org/resource/United_States
was				
4.4				
percent	B	percent	http://en.wikipedia.org/wiki/Percentage	
,				
up				
from				
4.3				
percent	B	percent	http://en.wikipedia.org/wiki/Percentage	
in				
May	B	May	http://en.wikipedia.org/wiki/May	
2017	B	2017	http://en.wikipedia.org/wiki/2017	
but				
down				
from				
4.9				
percent	B	percent	http://en.wikipedia.org/wiki/Percentage	
in				
June	B	June	http://en.wikipedia.org/wiki/June	
2016	B	2016	http://en.wikipedia.org/wiki/2016	
.				
				
A				
salutary				
wake				
-				
up				
call				
.				
				
With				
his				
clear				
-				
cut				
positions	B	positions	http://en.wikipedia.org/wiki/Political_spectrum	
and				
confrontational				
attitude	B	attitude	http://en.wikipedia.org/wiki/Attitude_(psychology)	
towards				
other				
powers	B	powers	http://en.wikipedia.org/wiki/Power_(social_and_political)	
,				
the				
thundering				
businessman	B	businessman	http://en.wikipedia.org/wiki/Businessperson	
who				
occupies				
the				
White	B	White_House	http://en.wikipedia.org/wiki/White_House	http://dbpedia.org/resource/White_House
House	I	White_House	http://en.wikipedia.org/wiki/White_House	http://dbpedia.org/resource/White_House
since				
January	B	January_20th	http://en.wikipedia.org/wiki/January_20	
20th	I	January_20th	http://en.wikipedia.org/wiki/January_20	
has				
the				
merit				
of				
centering				
the				
attention				
of				
the				
majority	B	majority	http://en.wikipedia.org/wiki/Majority	
of				
European	B	European_countries	http://en.wikipedia.org/wiki/Europe	http://dbpedia.org/resource/Ethnic_groups_in_Europe
countries	I	European_countries	http://en.wikipedia.org/wiki/Europe	
.				
				
It				
'				
s				
now				
time				
to				
transform				
this				
shared				
attitude	B	attitude	http://en.wikipedia.org/wiki/Attitude_(psychology)	
into				
real				
politics	B	politics	http://en.wikipedia.org/wiki/Politics	
.				
				
For				
the				
European	B	European_Union	http://en.wikipedia.org/wiki/European_Union	http://dbpedia.org/resource/European_Union
Union	I	European_Union	http://en.wikipedia.org/wiki/European_Union	http://dbpedia.org/resource/European_Union
,				
Donald	B	Donald_Trump	http://en.wikipedia.org/wiki/Donald_Trump	http://dbpedia.org/resource/Donald_Trump
Trump	I	Donald_Trump	http://en.wikipedia.org/wiki/Donald_Trump	http://dbpedia.org/resource/Donald_Trump
is				
nothing				
less				
than				
a				
blessing	B	blessing	http://en.wikipedia.org/wiki/Blessing	
,				
since				
,				
in				
just				
a				
few				
phrases	B	phrases	http://en.wikipedia.org/wiki/Phrase	
,				
and				
with				
remarkable				
efficacy	B	efficacy	http://en.wikipedia.org/wiki/Efficiency	
,				
he				
has				
made				
it				
close				
ranks				
more				
than				
ever				
for				
a				
long				
time	B	time	http://en.wikipedia.org/wiki/Time	
.				
				
Donald	B	Donald_Trump	http://en.wikipedia.org/wiki/Donald_Trump	http://dbpedia.org/resource/Donald_Trump
Trump	I	Donald_Trump	http://en.wikipedia.org/wiki/Donald_Trump	http://dbpedia.org/resource/Donald_Trump
belongs				
to				
that				
category	B	category	http://en.wikipedia.org/wiki/Category_of_being	
of				
Americans	B	Americans	http://en.wikipedia.org/wiki/Americans	http://aksw.org/notInWiki/Americans
who				
have				
never				
liked				
for				
the				
idea	B	idea	http://en.wikipedia.org/wiki/Idea	
of				
a				
united				
Europe	B	Europe	http://en.wikipedia.org/wiki/Europe	http://dbpedia.org/resource/Ethnic_groups_in_Europe
,				
because				
they				
see				
it				
as				
a				
threat	B	threat	http://en.wikipedia.org/wiki/Threat	
to				
the				
economic	B	economic	http://en.wikipedia.org/wiki/Economy	
preeminence	B	preeminence	http://en.wikipedia.org/wiki/Greatness	
of				
their				
own				
country	B	country	http://en.wikipedia.org/wiki/Country	
.				
				
“				
The				
Union	B	Union	http://en.wikipedia.org/wiki/European_Union	http://dbpedia.org/resource/European_Union
was				
partly				
founded				
to				
compete				
with				
the				
United	B	United_States	http://en.wikipedia.org/wiki/United_States	http://dbpedia.org/resource/United_States
States	I	United_States	http://en.wikipedia.org/wiki/United_States	http://dbpedia.org/resource/United_States
comercially	B	comercially	http://en.wikipedia.org/wiki/Commerce	
,				
ok				
?				
”				
,				
he				
declared				
in				
an				
interview	B	interview	http://en.wikipedia.org/wiki/Interview	
in				
the				
Times	B	Times	http://en.wikipedia.org/wiki/The_Times	http://aksw.org/notInWiki/TimesandBild
and				http://aksw.org/notInWiki/TimesandBild
Bild	B	Bild	http://en.wikipedia.org/wiki/Bild	http://aksw.org/notInWiki/TimesandBild
.				
				
OK				
:				
in				
creating				
the				
common	B	common_market	http://en.wikipedia.org/wiki/European_Economic_Community	
market	I	common_market	http://en.wikipedia.org/wiki/European_Economic_Community	
,				
Europeans	B	Europeans	http://en.wikipedia.org/wiki/Europe	http://dbpedia.org/resource/Ethnic_groups_in_Europe
did				
indeed				
want				
to				
assert				
themselves				
on				
the				
international	B	international_economic	http://en.wikipedia.org/wiki/International_economics	
economic	I	international_economic	http://en.wikipedia.org/wiki/International_economics	
stage				
,				
and				
even				
got				
so				
far				
as				
to				
make				
the				
Union	B	Union	http://en.wikipedia.org/wiki/European_Union	http://dbpedia.org/resource/European_Union
the				
second				
most				
powerful				
economy	B	economy	http://en.wikipedia.org/wiki/Economics	
in				
the				
world	B	world	http://en.wikipedia.org/wiki/World	
.				
				
Trump	B	Trump	http://en.wikipedia.org/wiki/Donald_Trump	http://dbpedia.org/resource/Donald_Trump
is				
so				
unenthused				
by				
this				
that				
he				
adds				
:				
“				
I				
don				
'				
t				
really				
care				
if				
it				
'				
s				
separate				
or				
together				
”				
.				
				
But				
,				
in				
daring				
to				
predict				
the				
success				
of				
Brexit	B	Brexit	http://en.wikipedia.org/wiki/Brexit	http://dbpedia.org/resource/United_Kingdom_withdrawal_from_the_European_Union
and				
the				
dislocation				
of				
the				
Union	B	Union	http://en.wikipedia.org/wiki/European_Union	http://dbpedia.org/resource/European_Union
,				
and				
,				
above				
all				
,				
judging				
NATO	B	NATO	http://en.wikipedia.org/wiki/NATO	http://dbpedia.org/resource/NATO
“				
obsolete				
”				
,				
he				
has				
in				
fact				
shot				
himself				
in				
the				
foot	B	foot	http://en.wikipedia.org/wiki/Foot	
.				
				
Never				
since				
the				
enlargement	B	enlargement_of_the_Union	http://en.wikipedia.org/wiki/Enlargement_of_the_European_Union	
of	I	enlargement_of_the_Union	http://en.wikipedia.org/wiki/Enlargement_of_the_European_Union	
the	I	enlargement_of_the_Union	http://en.wikipedia.org/wiki/Enlargement_of_the_European_Union	
Union	I	enlargement_of_the_Union	http://en.wikipedia.org/wiki/Enlargement_of_the_European_Union	http://dbpedia.org/resource/European_Union
,				
the				
establishment				
of				
shared				
common				
policy	B	policy	http://en.wikipedia.org/wiki/Politics	
,				
and				
the				
subsequent				
divorce	B	divorce	http://en.wikipedia.org/wiki/Divorce	
between				
Europe	B	Europe	http://en.wikipedia.org/wiki/Europe	http://dbpedia.org/resource/Ethnic_groups_in_Europe
and				
its				
citizens	B	citizens	http://en.wikipedia.org/wiki/Citizenship	
,				
have				
Europeans	B	Europeans	http://en.wikipedia.org/wiki/Europe	http://dbpedia.org/resource/Ethnic_groups_in_Europe
shared				
the				
same				
irritation	B	irritation	http://en.wikipedia.org/wiki/Irritability	
and				
the				
same				
desire	B	desire	http://en.wikipedia.org/wiki/Desire	
to				
raise				
the				
gauntlet	B	gauntlet	http://en.wikipedia.org/wiki/Gauntlet_(glove)	
.				
				
There				
'				
s				
a				
form				
of				
unanimity	B	unanimity	http://en.wikipedia.org/wiki/Unanimity	
against				
Trump	B	Trump	http://en.wikipedia.org/wiki/Donald_Trump	http://dbpedia.org/resource/Donald_Trump
:				
Angela	B	Angela_Merkel	http://en.wikipedia.org/wiki/Angela_Merkel	http://dbpedia.org/resource/Angela_Merkel
Merkel	I	Angela_Merkel	http://en.wikipedia.org/wiki/Angela_Merkel	http://dbpedia.org/resource/Angela_Merkel
:				
“				
I				
'				
m				
going				
to				
continue				
to				
act				
so				
that				
the				
27				
member	B	member_states	http://en.wikipedia.org/wiki/Member_state_of_the_European_Union	
states	I	member_states	http://en.wikipedia.org/wiki/Member_state_of_the_European_Union	
work				
together				
in				
facing				
the				
challenges				
of				
the				
21st	B	21st_century	http://en.wikipedia.org/wiki/21st_century	
century	I	21st_century	http://en.wikipedia.org/wiki/21st_century	
”				
.				
				
François	B	François_Hollande	http://en.wikipedia.org/wiki/Fran%C3%A7ois_Hollande	http://dbpedia.org/resource/François_Hollande
Hollande	I	François_Hollande	http://en.wikipedia.org/wiki/Fran%C3%A7ois_Hollande	http://dbpedia.org/resource/François_Hollande
:				
“				
Europe	B	Europe	http://en.wikipedia.org/wiki/Europe	http://dbpedia.org/resource/Ethnic_groups_in_Europe
has				
no				
need				
for				
advice	B	advice	http://en.wikipedia.org/wiki/Advice_(opinion)	
from				
outside				
for				
what				
it				
should				
do				
”				
.				
				
A				
whole				
section				
of				
the				
old				
partisans	B	partisans	http://en.wikipedia.org/wiki/Partisan_(political)	
who				
voted				
“				
No				
”				
French	B	French	http://en.wikipedia.org/wiki/French_people	http://dbpedia.org/resource/French_(surname)
to				
the				
European	B	European_Constitution	http://en.wikipedia.org/wiki/Treaty_establishing_a_Constitution_for_Europe	http://aksw.org/notInWiki/EuropeanConstitution
Constitution	I	European_Constitution	http://en.wikipedia.org/wiki/Treaty_establishing_a_Constitution_for_Europe	http://aksw.org/notInWiki/EuropeanConstitution
in				
2005	B	2005	http://en.wikipedia.org/wiki/2005	
become				
now				
European	B	European	http://en.wikipedia.org/wiki/Europe	http://dbpedia.org/resource/Ethnic_groups_in_Europe
,				
and				
it				
'				
s				
all				
of				
Europe	B	Europe	http://en.wikipedia.org/wiki/Europe	http://dbpedia.org/resource/Ethnic_groups_in_Europe
—				
besides				
the				
far	B	far-right	http://en.wikipedia.org/wiki/Far-right_politics	
-	I	far-right	http://en.wikipedia.org/wiki/Far-right_politics	
right	I	far-right	http://en.wikipedia.org/wiki/Far-right_politics	
—				
that				
understands				
that				
from				
now				
on				
the				
nuclear	B	nuclear_umbrella	http://en.wikipedia.org/wiki/Nuclear_umbrella	
umbrella	I	nuclear_umbrella	http://en.wikipedia.org/wiki/Nuclear_umbrella	
is				
no				
longer				
assured				
,				
and				
that				
Donald	B	Donald_Trump	http://en.wikipedia.org/wiki/Donald_Trump	http://dbpedia.org/resource/Donald_Trump
Trump	I	Donald_Trump	http://en.wikipedia.org/wiki/Donald_Trump	http://dbpedia.org/resource/Donald_Trump
has				
not				
only				
declared				
commercial	B	commercial	http://en.wikipedia.org/wiki/Commerce	
war	B	war	http://en.wikipedia.org/wiki/War	
on				
Mexico	B	Mexico	http://en.wikipedia.org/wiki/Mexico	http://dbpedia.org/resource/Mexico
and				
China	B	China	http://en.wikipedia.org/wiki/China	http://dbpedia.org/resource/China
,				
but				
also				
on				
Europe	B	Europe	http://en.wikipedia.org/wiki/Europe	http://dbpedia.org/resource/Ethnic_groups_in_Europe
,				
which				
must				
learn				
to				
defend				
itself				
,				
by				
itself				
,				
militarily	B	militarily	http://en.wikipedia.org/wiki/Military	
and				
commercially	B	commercially	http://en.wikipedia.org/wiki/Commerce	
.				
				
All				
the				
better				
.				
				
Thank				
you				
Trump	B	Trump	http://en.wikipedia.org/wiki/Donald_Trump	http://dbpedia.org/resource/Donald_Trump
for				
waking				
us				
from				
a				
deep	B	deep_sleep	http://en.wikipedia.org/wiki/Slow-wave_sleep	
sleep	I	deep_sleep	http://en.wikipedia.org/wiki/Slow-wave_sleep	
.				
				
But				
the				
annoying				
thing				
,				
with				
this				
Twitter	B	Twitter	http://en.wikipedia.org/wiki/Twitter	
lover				
,				
is				
that				
he				
has				
also				
raised				
his				
tone	B	tone	http://en.wikipedia.org/wiki/Tone_(linguistics)	
against				
Beijing	B	Beijing	http://en.wikipedia.org/wiki/Beijing	http://dbpedia.org/resource/Beijing
,				
where				
they				
'				
re				
now				
talking				
about				
“				
strong				
counter	B	counter-measures	http://en.wikipedia.org/wiki/Countermeasure	
-	I	counter-measures	http://en.wikipedia.org/wiki/Countermeasure	
measures	I	counter-measures	http://en.wikipedia.org/wiki/Countermeasure	
”				
,				
which				
is				
to				
say				
military	B	military_action	http://en.wikipedia.org/wiki/Military_operation	
action	I	military_action	http://en.wikipedia.org/wiki/Military_operation	
,				
if				
he				
keeps				
toying				
with				
the				
question	B	question	http://en.wikipedia.org/wiki/Question	
of				
Taiwan	B	Taiwan	http://en.wikipedia.org/wiki/Taiwan	http://dbpedia.org/resource/Taiwan
.				
				
Europe	B	Europe	http://en.wikipedia.org/wiki/Europe	http://dbpedia.org/resource/Ethnic_groups_in_Europe
closes				
its				
ranks				
but				
the				
world	B	world	http://en.wikipedia.org/wiki/World	
becomes				
more				
uncertain				
than				
ever				
before				
.				
				
Muzzled				
voice	B	voice	http://en.wikipedia.org/wiki/Human_voice	
of				
Cuba	B	Cuba	http://en.wikipedia.org/wiki/Cuba	http://dbpedia.org/resource/Mark_Cuban
.				
				
“				
Empty				
chair	B	chair	http://en.wikipedia.org/wiki/Chair	
for				
Fariñas	B	Fariñas	http://en.wikipedia.org/wiki/Guillermo_Fari%C3%B1as	http://dbpedia.org/resource/Guillermo_Fariñas
,				
”				
headlines				
Gazeta	B	Gazeta_Wyborcza	http://en.wikipedia.org/wiki/Gazeta_Wyborcza	http://dbpedia.org/resource/Gazeta_Wyborcza
Wyborcza	I	Gazeta_Wyborcza	http://en.wikipedia.org/wiki/Gazeta_Wyborcza	http://dbpedia.org/resource/Gazeta_Wyborcza
the				
day	B	day	http://en.wikipedia.org/wiki/Day	
after				
the				
ceremony	B	ceremony	http://en.wikipedia.org/wiki/Ceremony	
for				
the				
2010	B	2010	http://en.wikipedia.org/wiki/2010	http://aksw.org/notInWiki/2010SakharovPrize
Sakharov	B	Sakharov_Prize	http://en.wikipedia.org/wiki/Sakharov_Prize	http://aksw.org/notInWiki/2010SakharovPrize
Prize	I	Sakharov_Prize	http://en.wikipedia.org/wiki/Sakharov_Prize	http://aksw.org/notInWiki/2010SakharovPrize
in				
the				
European	B	European_Parliament	http://en.wikipedia.org/wiki/European_Parliament	http://dbpedia.org/resource/Europeans_(band)
Parliament	I	European_Parliament	http://en.wikipedia.org/wiki/European_Parliament	
.				
				
The				
award	B	award	http://en.wikipedia.org/wiki/Award	
was				
given				
to				
the				
Cuban	B	Cuban_dissident	http://en.wikipedia.org/wiki/Cuban_dissident_movement	http://dbpedia.org/resource/Mark_Cuban
dissident	I	Cuban_dissident	http://en.wikipedia.org/wiki/Cuban_dissident_movement	
Guillermo	B	Guillermo_Fariñas	http://en.wikipedia.org/wiki/Guillermo_Fari%C3%B1as	http://dbpedia.org/resource/Guillermo_Fariñas
Fariñas	I	Guillermo_Fariñas	http://en.wikipedia.org/wiki/Guillermo_Fari%C3%B1as	http://dbpedia.org/resource/Guillermo_Fariñas
,				
who				
was				
banned				
by				
Cuban	B	Cuban	http://en.wikipedia.org/wiki/Cuba	http://dbpedia.org/resource/Mark_Cuban
authorities	B	authorities	http://en.wikipedia.org/wiki/Authority	
from				
travelling				
to				
Strasbourg	B	Strasbourg	http://en.wikipedia.org/wiki/Strasbourg	http://dbpedia.org/resource/Strasbourg
.				
				
Hence				
,				
his				
chair	B	chair	http://en.wikipedia.org/wiki/Chair	
covered				
with				
the				
Cuban	B	Cuban_flag	http://en.wikipedia.org/wiki/Flag_of_Cuba	http://dbpedia.org/resource/Mark_Cuban
flag	I	Cuban_flag	http://en.wikipedia.org/wiki/Flag_of_Cuba	
stood				
empty				
during				
the				
ceremony	B	ceremony	http://en.wikipedia.org/wiki/Ceremony	
.				
				
He				
also				
vowed				
to				
continue				
his				
struggle				
,				
last				
January	B	January	http://en.wikipedia.org/wiki/January	
,				
Fariñas	B	Fariñas	http://en.wikipedia.org/wiki/Guillermo_Fari%C3%B1as	http://dbpedia.org/resource/Guillermo_Fariñas
went				
on				
a				
135				
day	B	day	http://en.wikipedia.org/wiki/Day	
hunger	B	hunger_strike	http://en.wikipedia.org/wiki/Hunger_strike	
strike	I	hunger_strike	http://en.wikipedia.org/wiki/Hunger_strike	
to				
obtain				
the				
release				
from				
jail				
of				
42				
Cuban	B	Cuban	http://en.wikipedia.org/wiki/Cuba	http://dbpedia.org/resource/Mark_Cuban
opposition				
members				
.				
				
On				
2	B	2_February	http://en.wikipedia.org/wiki/February_2	
February	I	2_February	http://en.wikipedia.org/wiki/February_2	
David	B	David_Cameron	http://en.wikipedia.org/wiki/David_Cameron	http://dbpedia.org/resource/David_Cameron
Cameron	I	David_Cameron	http://en.wikipedia.org/wiki/David_Cameron	http://dbpedia.org/resource/David_Cameron
and				
European	B	European_Council_president	http://en.wikipedia.org/wiki/President_of_the_European_Council	http://dbpedia.org/resource/European_Council
Council	I	European_Council_president	http://en.wikipedia.org/wiki/President_of_the_European_Council	http://dbpedia.org/resource/European_Council
president	I	European_Council_president	http://en.wikipedia.org/wiki/President_of_the_European_Council	
Donald	B	Donald_Tusk	http://en.wikipedia.org/wiki/Donald_Tusk	http://dbpedia.org/resource/Donald_Tusk
Tusk	I	Donald_Tusk	http://en.wikipedia.org/wiki/Donald_Tusk	http://dbpedia.org/resource/Donald_Tusk
agreed				
on				
a				
project	B	project	http://en.wikipedia.org/wiki/Project	
settlement				
that				
would				
allow				
British	B	British_Prime_minister	http://en.wikipedia.org/wiki/Prime_Minister_of_the_United_Kingdom	http://dbpedia.org/resource/British_English
Prime	I	British_Prime_minister	http://en.wikipedia.org/wiki/Prime_Minister_of_the_United_Kingdom	
minister	I	British_Prime_minister	http://en.wikipedia.org/wiki/Prime_Minister_of_the_United_Kingdom	
to				
campaign	B	campaign	http://en.wikipedia.org/wiki/Political_campaign	
to				
keep				
the				
UK	B	UK	http://en.wikipedia.org/wiki/United_Kingdom	http://dbpedia.org/resource/United_Kingdom
in				
the				
EU	B	EU	http://en.wikipedia.org/wiki/European_Union	http://dbpedia.org/resource/European_Union
in				
the				
referendum	B	referendum	http://en.wikipedia.org/wiki/Referendum	
to				
be				
held				
later				
this				
year	B	year	http://en.wikipedia.org/wiki/Year	
.				
				
The				
plan	B	plan	http://en.wikipedia.org/wiki/Plan	
is				
a				
response				
to				
Cameron	B	Cameron	http://en.wikipedia.org/wiki/David_Cameron	http://dbpedia.org/resource/David_Cameron
'				
s				
demands				
,				
offering				
Britain	B	Britain	http://en.wikipedia.org/wiki/Great_Britain	http://dbpedia.org/resource/United_Kingdom
,				
which				
already				
enjoys				
several				
exceptions				
from				
EU	B	EU	http://en.wikipedia.org/wiki/European_Union	http://dbpedia.org/resource/European_Union
treaty	B	treaty	http://en.wikipedia.org/wiki/Treaty	
,				
a				
gradual				
brake	B	brake	http://en.wikipedia.org/wiki/Brake	
on				
social	B	social_benefits	http://en.wikipedia.org/wiki/Welfare	
benefits	I	social_benefits	http://en.wikipedia.org/wiki/Welfare	
for				
EU	B	EU	http://en.wikipedia.org/wiki/European_Union	http://dbpedia.org/resource/European_Union
workers	B	workers	http://en.wikipedia.org/wiki/Workforce	
,				
and				
cuts				
for				
the				
children	B	children	http://en.wikipedia.org/wiki/Child	
of				
EU	B	EU	http://en.wikipedia.org/wiki/European_Union	http://dbpedia.org/resource/European_Union
workers	B	workers	http://en.wikipedia.org/wiki/Employment	
living				
outside				
Britain	B	Britain	http://en.wikipedia.org/wiki/Great_Britain	http://dbpedia.org/resource/United_Kingdom
.				
				
The				
pact	B	pact	http://en.wikipedia.org/wiki/Consensus_decision-making	
also				
states				
that				
treaty	B	treaty	http://en.wikipedia.org/wiki/Treatise	
references				
to				
“				
ever				
-				
closer				
union	B	union	http://en.wikipedia.org/wiki/European_Union	
”				
are				
“				
not				
an				
equivalent				
to				
the				
objective	B	objective	http://en.wikipedia.org/wiki/Goal	
of				
political	B	political	http://en.wikipedia.org/wiki/Politics	
integration	B	integration	http://en.wikipedia.org/wiki/European_integration	
”				
.				
				
The				
pact	B	pact	http://en.wikipedia.org/wiki/Consensus_decision-making	
has				
to				
be				
agreed				
at				
an				
EU	B	EU	http://en.wikipedia.org/wiki/European_Union	http://dbpedia.org/resource/European_Union
summit	B	summit	http://en.wikipedia.org/wiki/Summit_(meeting)	
starting				
on				
18	B	18_February	http://en.wikipedia.org/wiki/February_18	
February	I	18_February	http://en.wikipedia.org/wiki/February_18	
.				
				
The				
Donald	B	Donald_Trump	http://en.wikipedia.org/wiki/Donald_Trump	http://dbpedia.org/resource/Donald_Trump
Trump	I	Donald_Trump	http://en.wikipedia.org/wiki/Donald_Trump	http://dbpedia.org/resource/Donald_Trump
'				
s				
victory	B	victory	http://en.wikipedia.org/wiki/Victory	
in				
the				
American	B	American_presidential_election	http://en.wikipedia.org/wiki/United_States_presidential_election	http://dbpedia.org/resource/American_McGee
presidential	I	American_presidential_election	http://en.wikipedia.org/wiki/United_States_presidential_election	
election	I	American_presidential_election	http://en.wikipedia.org/wiki/United_States_presidential_election	
,				
on				
8	B	8_November	http://en.wikipedia.org/wiki/November_8	
November	I	8_November	http://en.wikipedia.org/wiki/November_8	
after				
a				
brutal				
and				
a				
campaign	B	campaign	http://en.wikipedia.org/wiki/Political_campaign	
of				
provocation	B	provocation	http://en.wikipedia.org/wiki/Provocation_(legal)	
,				
has				
unleashed				
a				
wave	B	wave	http://en.wikipedia.org/wiki/Wave	
of				
concern	B	concern	http://en.wikipedia.org/wiki/Worry	
in				
Europe	B	Europe	http://en.wikipedia.org/wiki/Europe	http://dbpedia.org/resource/Europe
.				
				
Some				
populist	B	populist	http://en.wikipedia.org/wiki/Populism	
leaders	B	leaders	http://en.wikipedia.org/wiki/Leadership	
however				
,				
like				
the				
Hungarian	B	Hungarian	http://en.wikipedia.org/wiki/Hungary	http://dbpedia.org/resource/Hungarian_wine
Viktor	B	Viktor_Orbán	http://en.wikipedia.org/wiki/Viktor_Orb%C3%A1n	http://dbpedia.org/resource/Viktor_Orbán
Orbán	I	Viktor_Orbán	http://en.wikipedia.org/wiki/Viktor_Orb%C3%A1n	http://dbpedia.org/resource/Viktor_Orbán
,				
the				
Dutch	B	Dutch	http://en.wikipedia.org/wiki/Netherlands	http://dbpedia.org/resource/Dutch_TT
Geert	B	Geert_Wilders	http://en.wikipedia.org/wiki/Geert_Wilders	http://dbpedia.org/resource/Geert_Wilders
Wilders	I	Geert_Wilders	http://en.wikipedia.org/wiki/Geert_Wilders	http://dbpedia.org/resource/Geert_Wilders
,				
the				
German	B	German	http://en.wikipedia.org/wiki/Germany	http://dbpedia.org/resource/Germán_Vargas_Lleras
Frauke	B	Frauke_Petry	http://en.wikipedia.org/wiki/Frauke_Petry	http://dbpedia.org/resource/Frauke_Petry
Petry	I	Frauke_Petry	http://en.wikipedia.org/wiki/Frauke_Petry	http://dbpedia.org/resource/Frauke_Petry
and				
the				
French	B	French	http://en.wikipedia.org/wiki/France	http://dbpedia.org/resource/French_wine
Marine	B	Marine_Le_Pen	http://en.wikipedia.org/wiki/Marine_Le_Pen	
Le	I	Marine_Le_Pen	http://en.wikipedia.org/wiki/Marine_Le_Pen	http://dbpedia.org/resource/Jean-Marie_Le_Pen
Pen	I	Marine_Le_Pen	http://en.wikipedia.org/wiki/Marine_Le_Pen	http://dbpedia.org/resource/Jean-Marie_Le_Pen
,				
were				
delighted				
,				
as				
they				
believe				
that				
Trump	B	Trump'	http://en.wikipedia.org/wiki/Donald_Trump	http://dbpedia.org/resource/Donald_Trump
'	I	Trump'	http://en.wikipedia.org/wiki/Donald_Trump	
s				
election	B	election	http://en.wikipedia.org/wiki/Presidential_election	
will				
take				
advantage				
of				
it				
in				
the				
upcoming				
elections	B	elections	http://en.wikipedia.org/wiki/Presidential_election	
in				
their				
respective				
countries	B	countries	http://en.wikipedia.org/wiki/Country	
.				
				
A				
map	B	map	http://en.wikipedia.org/wiki/Map	
showing				
European	B	European	http://en.wikipedia.org/wiki/Europe	http://aksw.org/notInWiki/European
jihadists	B	jihadists	http://en.wikipedia.org/wiki/Jihadism	
’				
countries	B	countries	http://en.wikipedia.org/wiki/Country	
.				
				
This				
map	B	map	http://en.wikipedia.org/wiki/Map	
,				
created				
by				
Radio	B	Radio_Free_Europe/Radio_Liberty	http://en.wikipedia.org/wiki/Radio_Free_Europe/Radio_Liberty	http://dbpedia.org/resource/Radio_Free_Europe/Radio_Liberty
Free	I	Radio_Free_Europe/Radio_Liberty	http://en.wikipedia.org/wiki/Radio_Free_Europe/Radio_Liberty	http://dbpedia.org/resource/Radio_Free_Europe/Radio_Liberty
Europe	I	Radio_Free_Europe/Radio_Liberty	http://en.wikipedia.org/wiki/Radio_Free_Europe/Radio_Liberty	http://dbpedia.org/resource/Radio_Free_Europe/Radio_Liberty
/	I	Radio_Free_Europe/Radio_Liberty	http://en.wikipedia.org/wiki/Radio_Free_Europe/Radio_Liberty	
Radio	I	Radio_Free_Europe/Radio_Liberty	http://en.wikipedia.org/wiki/Radio_Free_Europe/Radio_Liberty	http://dbpedia.org/resource/Radio_Free_Europe/Radio_Liberty
Liberty	I	Radio_Free_Europe/Radio_Liberty	http://en.wikipedia.org/wiki/Radio_Free_Europe/Radio_Liberty	http://dbpedia.org/resource/Radio_Free_Europe/Radio_Liberty
the				
day				
after				
attacks	B	attacks	http://en.wikipedia.org/wiki/Offensive_(military)	
carried				
out				
by				
the				
organization	B	organization	http://en.wikipedia.org/wiki/Organization	
calling				
itself				
Islamic	B	Islamic_State	http://en.wikipedia.org/wiki/Islamic_State_of_Iraq_and_the_Levant	http://dbpedia.org/resource/Islamic_State_of_Afghanistan
State	I	Islamic_State	http://en.wikipedia.org/wiki/Islamic_State_of_Iraq_and_the_Levant	http://dbpedia.org/resource/Islamic_State_of_Afghanistan
which				
left				
at				
least				
129				
deaths	B	deaths	http://en.wikipedia.org/wiki/Death	
in				
Paris	B	Paris	http://en.wikipedia.org/wiki/Paris	http://dbpedia.org/resource/Paris
and				
its				
suburbs	B	suburbs	http://en.wikipedia.org/wiki/Suburb	
,				
shows				
the				
countries	B	countries	http://en.wikipedia.org/wiki/Country	
of				
foreign	B	foreign_fighters_in_Iraq_and_Syria	http://en.wikipedia.org/wiki/Foreign_fighters_in_the_Syrian_and_Iraqi_Civil_Wars	
fighters	I	foreign_fighters_in_Iraq_and_Syria	http://en.wikipedia.org/wiki/Foreign_fighters_in_the_Syrian_and_Iraqi_Civil_Wars	
in	I	foreign_fighters_in_Iraq_and_Syria	http://en.wikipedia.org/wiki/Foreign_fighters_in_the_Syrian_and_Iraqi_Civil_Wars	
Iraq	I	foreign_fighters_in_Iraq_and_Syria	http://en.wikipedia.org/wiki/Foreign_fighters_in_the_Syrian_and_Iraqi_Civil_Wars	http://dbpedia.org/resource/Iraq
and	I	foreign_fighters_in_Iraq_and_Syria	http://en.wikipedia.org/wiki/Foreign_fighters_in_the_Syrian_and_Iraqi_Civil_Wars	
Syria	I	foreign_fighters_in_Iraq_and_Syria	http://en.wikipedia.org/wiki/Foreign_fighters_in_the_Syrian_and_Iraqi_Civil_Wars	http://dbpedia.org/resource/Syria
,				
in				
particularly				
Europe	B	Europe	http://en.wikipedia.org/wiki/Europe	http://aksw.org/notInWiki/Europe
.				
				
France	B	France	http://en.wikipedia.org/wiki/France	http://dbpedia.org/resource/France
leads				
they				
,				
with				
1,200				
fighters	B	fighters	http://en.wikipedia.org/wiki/Combatant	
,				
followed				
by				
Turkey	B	Turkey	http://en.wikipedia.org/wiki/Turkey	http://dbpedia.org/resource/Turkey
(				
1,000				
)				
,				
and				
the				
UK	B	UK	http://en.wikipedia.org/wiki/United_Kingdom	http://dbpedia.org/resource/United_Kingdom
(				
600				
)				
.				
				
In				
proportion				
to				
the				
population	B	population	http://en.wikipedia.org/wiki/Population	
,				
it				
is				
from				
Bosnia	B	Bosnia_Herzegovina	http://en.wikipedia.org/wiki/Bosnia_and_Herzegovina	http://dbpedia.org/resource/Bosnia_and_Herzegovina
Herzegovina	I	Bosnia_Herzegovina	http://en.wikipedia.org/wiki/Bosnia_and_Herzegovina	http://dbpedia.org/resource/Bosnia_and_Herzegovina
that				
the				
highest				
number	B	number	http://en.wikipedia.org/wiki/Number	
of				
jihadists	B	jihadists	http://en.wikipedia.org/wiki/Jihadism	
originate				
(				
92				
per				
million	B	million	http://en.wikipedia.org/wiki/1,000,000	
habitants				
)				
,				
followed				
by				
Kosovo	B	Kosovo	http://en.wikipedia.org/wiki/Kosovo	http://dbpedia.org/resource/Kosovo
(				
83				
)				
and				
Albania	B	Albania	http://en.wikipedia.org/wiki/Albania	http://dbpedia.org/resource/Albania
(				
46				
)				
.				
				
Among				
Western	B	Western_European	http://en.wikipedia.org/wiki/Western_Europe	http://aksw.org/notInWiki/WesternEuropean
European	I	Western_European	http://en.wikipedia.org/wiki/Western_Europe	http://aksw.org/notInWiki/WesternEuropean
countries	B	countries	http://en.wikipedia.org/wiki/Country	
,				
Belgium	B	Belgium	http://en.wikipedia.org/wiki/Belgium	http://dbpedia.org/resource/Belgium
leads				
with				
40				
jihadists	B	jihadists	http://en.wikipedia.org/wiki/Jihadism	
per				
million	B	million	http://en.wikipedia.org/wiki/1,000,000	
habitants				
,				
followed				
by				
Sweden	B	Sweden	http://en.wikipedia.org/wiki/Sweden	http://dbpedia.org/resource/Sweden
(				
32				
)				
and				
Denmark	B	Denmark	http://en.wikipedia.org/wiki/Denmark	http://dbpedia.org/resource/Denmark
(				
27				
)				
.				
				
Old				
Europe	B	Europe	http://en.wikipedia.org/wiki/Europe	http://dbpedia.org/resource/Europe
.				
				
On				
7	B	7_October	http://en.wikipedia.org/wiki/October_7	
October	I	7_October	http://en.wikipedia.org/wiki/October_7	
,				
Operation	B	Operation_Triton	http://en.wikipedia.org/wiki/Operation_Triton	http://dbpedia.org/resource/Operation_Triton
Triton	I	Operation_Triton	http://en.wikipedia.org/wiki/Operation_Triton	http://dbpedia.org/resource/Operation_Triton
,				
a				
mission				
monitoring				
migration	B	migration	http://en.wikipedia.org/wiki/Immigration	
routes				
in				
Italy	B	Italy	http://en.wikipedia.org/wiki/Italy	http://dbpedia.org/resource/Italy
,				
was				
joined				
by				
Operation	B	Operation_Sophia	http://en.wikipedia.org/wiki/EU_Navfor_Med	http://dbpedia.org/resource/EU_Navfor_Med
Sophia	I	Operation_Sophia	http://en.wikipedia.org/wiki/EU_Navfor_Med	http://dbpedia.org/resource/EU_Navfor_Med
.				
				
It				
consists				
of				
intercepting				
smugglers	B	smugglers	http://en.wikipedia.org/wiki/Smuggling	
in				
international	B	international_waters	http://en.wikipedia.org/wiki/International_waters	
waters	I	international_waters	http://en.wikipedia.org/wiki/International_waters	
,				
arresting				
and				
chasing				
them				
and				
boarding				
their				
boats	B	boats	http://en.wikipedia.org/wiki/Boat	
,				
using				
the				
force	B	force	http://en.wikipedia.org/wiki/Force_(law)	
if				
necessary				
.				
				
"				
Sophia	B	Sophia	http://en.wikipedia.org/wiki/EU_Navfor_Med	http://dbpedia.org/resource/EU_Navfor_Med
"				
can				
boasts				
nine	B	nine	http://en.wikipedia.org/wiki/9	
warships	B	warships	http://en.wikipedia.org/wiki/Warship	
and				
1,300				
men	B	men	http://en.wikipedia.org/wiki/Man	
,				
taking				
its				
name	B	name	http://en.wikipedia.org/wiki/Name	
from				
a				
little				
girl	B	girl	http://en.wikipedia.org/wiki/Girl	
who				
was				
born				
while				
crossing				
the				
Mediterranean	B	Mediterranean	http://en.wikipedia.org/wiki/Mediterranean_Sea	http://dbpedia.org/resource/Mediterranean_Sea
.				
				
Since				
the				
beginning				
of				
the				
year	B	year	http://en.wikipedia.org/wiki/Year	
,				
564,000				
people	B	people	http://en.wikipedia.org/wiki/People	
arrived				
in				
Europe	B	Europe	http://en.wikipedia.org/wiki/Europe	http://dbpedia.org/resource/Europe
via				
the				
Mediterranean	B	Mediterranean	http://en.wikipedia.org/wiki/Mediterranean_Sea	http://dbpedia.org/resource/Mediterranean_Sea
and				
some				
3,000				
death	B	death	http://en.wikipedia.org/wiki/Death	
,				
according				
to				
the				
International	B	International_Organisation_for_Migration	http://en.wikipedia.org/wiki/International_Organization_for_Migration	http://dbpedia.org/resource/International_Organization_for_Migration
Organisation	I	International_Organisation_for_Migration	http://en.wikipedia.org/wiki/International_Organization_for_Migration	http://dbpedia.org/resource/International_Organization_for_Migration
for	I	International_Organisation_for_Migration	http://en.wikipedia.org/wiki/International_Organization_for_Migration	http://dbpedia.org/resource/International_Organization_for_Migration
Migration	I	International_Organisation_for_Migration	http://en.wikipedia.org/wiki/International_Organization_for_Migration	http://dbpedia.org/resource/International_Organization_for_Migration
.				
				
This				
cartoon	B	cartoon	http://en.wikipedia.org/wiki/Illustration	
by				
Marilena	B	Marilena_Nardi	--NME--	http://aksw.org/notInWiki/MarilenaNardi
Nardi	I	Marilena_Nardi	--NME--	http://aksw.org/notInWiki/MarilenaNardi
was				
awarded				
the				
first				
prize	B	prize	http://en.wikipedia.org/wiki/Prize	
for				
the				
best				
cartoon	B	cartoon	http://en.wikipedia.org/wiki/Illustration	
on				
Europe	B	Europe	http://en.wikipedia.org/wiki/Europe	http://dbpedia.org/resource/Europe
published				
in				
Italy	B	Italy	http://en.wikipedia.org/wiki/Italy	http://dbpedia.org/resource/Italy
,				
given				
in				
2015	B	2015	http://en.wikipedia.org/wiki/2015	
during				
Internazionale	B	Internazionale	--NME--	http://dbpedia.org/resource/Inter_Milan
'				
s				
festival	B	festival	http://en.wikipedia.org/wiki/Festival	
in				
Ferrara	B	Ferrara	http://en.wikipedia.org/wiki/Ferrara	http://dbpedia.org/resource/Ferrara
,				
on				
4	B	4_October	http://en.wikipedia.org/wiki/October_4	
October	I	4_October	http://en.wikipedia.org/wiki/October_4	
.				
				
A				
map	B	map	http://en.wikipedia.org/wiki/Map	
of				
asylum	B	asylum_seekers	http://en.wikipedia.org/wiki/Asylum_seeker	
seekers	I	asylum_seekers	http://en.wikipedia.org/wiki/Asylum_seeker	
by				
country	B	country	http://en.wikipedia.org/wiki/Country	
.				
				
All				
together				
,				
more				
than				
400,000				
people	B	people	http://en.wikipedia.org/wiki/People	
have				
requested				
asylum	B	asylum	http://en.wikipedia.org/wiki/Right_of_asylum	
in				
Europe	B	Europe	http://en.wikipedia.org/wiki/Europe	http://dbpedia.org/resource/Europe
over				
the				
first				
six	B	six	http://en.wikipedia.org/wiki/6	
months	B	months	http://en.wikipedia.org/wiki/Month	
of				
the				
year	B	year	http://en.wikipedia.org/wiki/Year	
.				
				
The				
small				
map	B	map	http://en.wikipedia.org/wiki/Map	
shows				
countries	B	countries	http://en.wikipedia.org/wiki/Country	
as				
proportional				
to				
their				
population	B	population	http://en.wikipedia.org/wiki/Population	
.				
				
States	B	States	http://en.wikipedia.org/wiki/Member_state_of_the_European_Union	http://dbpedia.org/resource/Klinik
which				
appear				
larger				
than				
normal				
have				
taken				
in				
a				
particularly				
high				
number	B	number	http://en.wikipedia.org/wiki/Number	
of				
asylum	B	asylum_seekers	http://en.wikipedia.org/wiki/Refugee	
seekers	I	asylum_seekers	http://en.wikipedia.org/wiki/Refugee	
.				
				
These				
are				
for				
the				
most				
part				
countries	B	countries	http://en.wikipedia.org/wiki/Country	
in				
the				
centre	B	centre	http://en.wikipedia.org/wiki/Centre_(geometry)	
of				
Europe	B	Europe	http://en.wikipedia.org/wiki/Europe	http://dbpedia.org/resource/Europe
,				
with				
Germany	B	Germany	http://en.wikipedia.org/wiki/Germany	http://dbpedia.org/resource/Germany
topping				
the				
list				
,				
but				
also				
Switzerland	B	Switzerland	http://en.wikipedia.org/wiki/Switzerland	http://dbpedia.org/resource/Switzerland
,				
Austria	B	Austria	http://en.wikipedia.org/wiki/Austria	http://dbpedia.org/resource/Austria
,				
Hungary	B	Hungary	http://en.wikipedia.org/wiki/Hungary	http://dbpedia.org/resource/Hungary
,				
Benelux	B	Benelux	http://en.wikipedia.org/wiki/Benelux	http://dbpedia.org/resource/Benelux
and				
Sweden	B	Sweden	http://en.wikipedia.org/wiki/Sweden	http://dbpedia.org/resource/Sweden
.				
				
Apart				
from				
Malta	B	Malta	http://en.wikipedia.org/wiki/Malta	http://dbpedia.org/resource/Malta
and				
Italy	B	Italy	http://en.wikipedia.org/wiki/Italy	http://dbpedia.org/resource/Italy
,				
all				
the				
'				
countries	B	countries	http://en.wikipedia.org/wiki/Country	
'				
of				
Europe	B	Europe	http://en.wikipedia.org/wiki/Europe	http://dbpedia.org/resource/Europe
have				
welcomed				
a				
relatively				
low				
number	B	number	http://en.wikipedia.org/wiki/Number	
of				
asylum	B	asylum_seekers	http://en.wikipedia.org/wiki/Refugee	
seekers	I	asylum_seekers	http://en.wikipedia.org/wiki/Refugee	
–				
for				
certain				
countries	B	countries	http://en.wikipedia.org/wiki/Country	
so				
few				
that				
they				
practically				
disappear				
of				
the				
map	B	map	http://en.wikipedia.org/wiki/Map	
.				
				
The				
map	B	map	http://en.wikipedia.org/wiki/Map	
was				
published				
by				
geographer	B	geographer	http://en.wikipedia.org/wiki/Geographer	
Benjamin	B	Benjamin_Henning	--NME--	http://aksw.org/notInWiki/BenjaminHenning
Henning	I	Benjamin_Henning	--NME--	http://aksw.org/notInWiki/BenjaminHenning
on				
his				
site	B	site	http://en.wikipedia.org/wiki/Website	
,				
where				
a				
2014	B	2014	http://en.wikipedia.org/wiki/2014	
map	B	map	http://en.wikipedia.org/wiki/Map	
is				
also				
available				
in				
this				
year	B	year	http://en.wikipedia.org/wiki/Year	
.				
				
The				
data	B	data	http://en.wikipedia.org/wiki/Data	
used				
are				
from				
Eurostat	B	Eurostat	http://en.wikipedia.org/wiki/Eurostat	http://aksw.org/notInWiki/Eurostat
.				
				
Greek	B	Greek_prime_minister	http://en.wikipedia.org/wiki/Prime_Minister_of_Greece	http://dbpedia.org/resource/Fraternities_and_sororities
prime	I	Greek_prime_minister	http://en.wikipedia.org/wiki/Prime_Minister_of_Greece	
minister	I	Greek_prime_minister	http://en.wikipedia.org/wiki/Prime_Minister_of_Greece	
Alexis	B	Alexis_Tsipras	http://en.wikipedia.org/wiki/Alexis_Tsipras	http://dbpedia.org/resource/Alexis_Tsipras
Tsipras	I	Alexis_Tsipras	http://en.wikipedia.org/wiki/Alexis_Tsipras	http://dbpedia.org/resource/Alexis_Tsipras
flew				
to				
Moscow	B	Moscow	http://en.wikipedia.org/wiki/Moscow	http://dbpedia.org/resource/Moscow
for				
a				
two	B	two	http://en.wikipedia.org/wiki/2	
-				
day	B	day	http://en.wikipedia.org/wiki/Day	
visit	B	visit	http://en.wikipedia.org/wiki/State_visit	
on				
8	B	8_April	http://en.wikipedia.org/wiki/April_8	
April	I	8_April	http://en.wikipedia.org/wiki/April_8	
.				
				
Tsipras	B	Tsipras	http://en.wikipedia.org/wiki/Alexis_Tsipras	http://dbpedia.org/resource/Alexis_Tsipras
has				
“				
called				
for				
an				
end				
to				
the				
‘				
circle	B	circle	http://en.wikipedia.org/wiki/Circle	
’				
of				
sanctions	B	sanctions	http://en.wikipedia.org/wiki/Sanctions_(law)	
against				
Russia	B	Russia	http://en.wikipedia.org/wiki/Russia	http://dbpedia.org/resource/Russia
over				
Ukraine	B	Ukraine	http://en.wikipedia.org/wiki/Ukraine	http://dbpedia.org/resource/Ukraine
,				
while				
Russia	B	Russia’s_President	http://en.wikipedia.org/wiki/President_of_Russia	http://dbpedia.org/resource/Russia
’	I	Russia’s_President	http://en.wikipedia.org/wiki/President_of_Russia	
s	I	Russia’s_President	http://en.wikipedia.org/wiki/President_of_Russia	
President	I	Russia’s_President	http://en.wikipedia.org/wiki/President_of_Russia	
Vladimir	B	Vladimir_Putin	http://en.wikipedia.org/wiki/Vladimir_Putin	http://dbpedia.org/resource/Vladimir_Putin
Putin	I	Vladimir_Putin	http://en.wikipedia.org/wiki/Vladimir_Putin	http://dbpedia.org/resource/Vladimir_Putin
denied				
using				
Athens	B	Athens	http://en.wikipedia.org/wiki/Athens	http://dbpedia.org/resource/Athens
to				
sow				
discord				
within				
the				
EU	B	EU	http://en.wikipedia.org/wiki/European_Union	http://aksw.org/notInWiki/EU
"				
,				
reports				
Kathimerini	B	Kathimerini	http://en.wikipedia.org/wiki/Kathimerini	http://dbpedia.org/resource/Kathimerini
.				
				
Official				
Greek	B	Greek	http://en.wikipedia.org/wiki/Greece	http://dbpedia.org/resource/Fraternities_and_sororities
sources	B	sources	http://en.wikipedia.org/wiki/Source_(journalism)	
said				
“				
Greece	B	Greece	http://en.wikipedia.org/wiki/Greece	http://dbpedia.org/resource/Greece
has				
not				
asked				
Russia	B	Russia	http://en.wikipedia.org/wiki/Russia	http://dbpedia.org/resource/Russia
for				
financial				
aid	B	aid	http://en.wikipedia.org/wiki/Aid	
and				
wants				
to				
resolve				
its				
debt	B	debt	http://en.wikipedia.org/wiki/Government_debt	
problems				
within				
the				
European	B	European_Union	http://en.wikipedia.org/wiki/European_Union	http://dbpedia.org/resource/European_Union
Union	I	European_Union	http://en.wikipedia.org/wiki/European_Union	http://dbpedia.org/resource/European_Union
”				
,				
adds				
the				
English	B	English	http://en.wikipedia.org/wiki/English_language	http://dbpedia.org/resource/English,_Indiana
version				
of				
the				
Athens	B	Athens	http://en.wikipedia.org/wiki/Athens	http://dbpedia.org/resource/Athens
newspaper	B	newspaper	http://en.wikipedia.org/wiki/Newspaper	
,				
but				
Europeans	B	Europeans	http://en.wikipedia.org/wiki/Europe	http://dbpedia.org/resource/Ethnic_groups_in_Europe
fear				
Tsipras	B	Tsipras	http://en.wikipedia.org/wiki/Alexis_Tsipras	http://dbpedia.org/resource/Alexis_Tsipras
’				
s				
visit				
“				
could				
result				
in				
a				
deal				
for				
a				
discount				
on				
Russian	B	Russian	http://en.wikipedia.org/wiki/Russia	http://dbpedia.org/resource/Russia
gas	B	gas	http://en.wikipedia.org/wiki/Gas	
”				
,				
writes				
EUobserver	B	EUobserver	http://en.wikipedia.org/wiki/EUobserver	http://aksw.org/notInWiki/EUobserver
.				
				
Russian	B	Russian	http://en.wikipedia.org/wiki/Russia	http://dbpedia.org/resource/Russia
daily	B	daily	http://en.wikipedia.org/wiki/Newspaper	
Kommersant	B	Kommersant	http://en.wikipedia.org/wiki/Kommersant	http://dbpedia.org/resource/Kommersant
also				
reports				
that				
Moscow	B	Moscow	http://en.wikipedia.org/wiki/Moscow	http://dbpedia.org/resource/Moscow
is				
considering				
supplying				
Greece	B	Greece	http://en.wikipedia.org/wiki/Greece	http://dbpedia.org/resource/Greece
with				
gas	B	gas	http://en.wikipedia.org/wiki/Gas	
at				
a				
reduced				
price	B	price	http://en.wikipedia.org/wiki/Price	
.				
				
The				
claws	B	claws	http://en.wikipedia.org/wiki/Claw	
.				
				
Islamic	B	Islamic_State	http://en.wikipedia.org/wiki/Islamic_State_of_Iraq_and_the_Levant	http://dbpedia.org/resource/Islamic_State_of_Afghanistan
State	I	Islamic_State	http://en.wikipedia.org/wiki/Islamic_State_of_Iraq_and_the_Levant	http://dbpedia.org/resource/Islamic_State_of_Afghanistan
(				
ISIS	B	ISIS	http://en.wikipedia.org/wiki/Islamic_State_of_Iraq_and_the_Levant	http://dbpedia.org/resource/CDS_ISIS
)				
organization	B	organization	http://en.wikipedia.org/wiki/Organization	
plans				
to				
take				
over				
Libya	B	Libya	http://en.wikipedia.org/wiki/Libya	http://dbpedia.org/resource/Libya
and				
use				
the				
country	B	country	http://en.wikipedia.org/wiki/Country	
as				
a				
gate	B	gate	http://en.wikipedia.org/wiki/Gate	
to				
attack				
Europe	B	Europe	http://en.wikipedia.org/wiki/Europe	http://dbpedia.org/resource/Europe
,				
British	B	British	http://en.wikipedia.org/wiki/Great_Britain	http://dbpedia.org/resource/Britishness
newspaper	B	newspaper	http://en.wikipedia.org/wiki/Newspaper	
Daily	B	Daily_Telegraph	http://en.wikipedia.org/wiki/The_Daily_Telegraph	http://dbpedia.org/resource/The_Daily_Telegraph
Telegraph	I	Daily_Telegraph	http://en.wikipedia.org/wiki/The_Daily_Telegraph	http://dbpedia.org/resource/The_Daily_Telegraph
reported				
after				
consulting				
propaganda	B	propaganda	http://en.wikipedia.org/wiki/Propaganda	
documents	B	documents	http://en.wikipedia.org/wiki/Document	
found				
by				
anti				
-				
extremist	B	extremist	http://en.wikipedia.org/wiki/Extremism	
Quilliam	B	Quilliam	http://en.wikipedia.org/wiki/Quilliam_(think_tank)	http://dbpedia.org/resource/Quilliam_(think_tank)
.				
				
The				
newspaper	B	newspaper	http://en.wikipedia.org/wiki/Newspaper	
says				
that				
the				
documents	B	documents	http://en.wikipedia.org/wiki/Document	
lay				
out				
ISIS	B	ISIS	http://en.wikipedia.org/wiki/Islamic_State_of_Iraq_and_the_Levant	http://dbpedia.org/resource/CDS_ISIS
’				
s				
plans	B	plans	http://en.wikipedia.org/wiki/Plan	
to				
“				
flood				
African	B	African	http://en.wikipedia.org/wiki/Africa	http://dbpedia.org/resource/The_African_(essay)
country	B	country	http://en.wikipedia.org/wiki/Country	
with				
combatants	B	combatants	http://en.wikipedia.org/wiki/Unlawful_combatant	
from				
Syria	B	Syria	http://en.wikipedia.org/wiki/Syria	http://dbpedia.org/resource/Syria
and				
Iraq	B	Iraq	http://en.wikipedia.org/wiki/Iraq	http://dbpedia.org/resource/Iraq
,				
who				
will				
then				
sail				
across				
the				
Mediterranean	B	Mediterranean	http://en.wikipedia.org/wiki/Mediterranean_Sea	http://dbpedia.org/resource/Mediterranean_Sea
posing				
as				
migrants	B	migrants	http://en.wikipedia.org/wiki/Human_migration	
”				
.				
				
The				
jihadist	B	jihadist	http://en.wikipedia.org/wiki/Jihadism	
wishes				
to				
take				
advantage				
of				
the				
disorder	B	disorder	http://en.wikipedia.org/wiki/Civil_disorder	
that				
reigns				
in				
the				
country	B	country	http://en.wikipedia.org/wiki/Country	
following				
the				
toppling				
of				
Muammar	B	Muammar_Gaddafi	http://en.wikipedia.org/wiki/Muammar_Gaddafi	http://dbpedia.org/resource/Muammar_Gaddafi
Gaddafi	I	Muammar_Gaddafi	http://en.wikipedia.org/wiki/Muammar_Gaddafi	http://dbpedia.org/resource/Muammar_Gaddafi
in				
2011	B	2011	http://en.wikipedia.org/wiki/2011	
,				
writes				
Daily	B	Daily_Telegraph	http://en.wikipedia.org/wiki/The_Daily_Telegraph	http://dbpedia.org/resource/The_Daily_Telegraph
Telegraph	I	Daily_Telegraph	http://en.wikipedia.org/wiki/The_Daily_Telegraph	http://dbpedia.org/resource/The_Daily_Telegraph
,				
recalling				
it				
has				
shown				
its				
presence				
in				
the				
country	B	country	http://en.wikipedia.org/wiki/Country	
by				
posting				
a				
video	B	video	http://en.wikipedia.org/wiki/Video	
of				
a				
mass				
beheading	B	beheading	http://en.wikipedia.org/wiki/Decapitation	
of				
21				
Egyptian	B	Egyptian	http://en.wikipedia.org/wiki/Egypt	http://aksw.org/notInWiki/EgyptianChristians
Christians	B	Christians	http://en.wikipedia.org/wiki/Christian	http://aksw.org/notInWiki/EgyptianChristians
on				
15	B	15_February	http://en.wikipedia.org/wiki/February_15	
February	I	15_February	http://en.wikipedia.org/wiki/February_15	
.				
				
Message	B	Message	http://en.wikipedia.org/wiki/Message	
to				
Kiev	B	Kiev	http://en.wikipedia.org/wiki/Kiev	http://dbpedia.org/resource/Kiev
.				
				
French	B	French	http://en.wikipedia.org/wiki/France	http://dbpedia.org/resource/French_wine
,				
German	B	German	http://en.wikipedia.org/wiki/Germany	http://dbpedia.org/resource/Germany
,				
Russian	B	Russian	http://en.wikipedia.org/wiki/Russia	http://dbpedia.org/resource/Russia
and				
Ukrainian	B	Ukrainian	http://en.wikipedia.org/wiki/Ukrainians	http://dbpedia.org/resource/Ukrainian_alphabet
leaders	B	leaders	http://en.wikipedia.org/wiki/Leadership	
are				
to				
hold				
"				
last				
chance				
"				
peace	B	peace	http://en.wikipedia.org/wiki/Peace	
talks				
on				
Ukraine	B	Ukraine	http://en.wikipedia.org/wiki/Ukraine	http://dbpedia.org/resource/Ukraine
in				
the				
Belarus	B	Belarus	http://en.wikipedia.org/wiki/Belarus	http://dbpedia.org/resource/Belarus
capital	B	capital	http://en.wikipedia.org/wiki/Capital_city	
of				
Minsk	B	Minsk	http://en.wikipedia.org/wiki/Minsk	http://dbpedia.org/resource/Minsk
on				
11	B	11_February	http://en.wikipedia.org/wiki/February_11	
February	I	11_February	http://en.wikipedia.org/wiki/February_11	
.				
				
The				
summit	B	summit	http://en.wikipedia.org/wiki/Summit_(meeting)	
comes				
in				
the				
wake				
of				
a				
series				
of				
meetings	B	meetings	http://en.wikipedia.org/wiki/Meeting	
by				
Angela	B	Angela_Merkel	http://en.wikipedia.org/wiki/Angela_Merkel	http://dbpedia.org/resource/Angela_Merkel
Merkel	I	Angela_Merkel	http://en.wikipedia.org/wiki/Angela_Merkel	http://dbpedia.org/resource/Angela_Merkel
and				
François	B	François_Hollande	http://en.wikipedia.org/wiki/Fran%C3%A7ois_Hollande	http://dbpedia.org/resource/François_Hollande
Hollande	I	François_Hollande	http://en.wikipedia.org/wiki/Fran%C3%A7ois_Hollande	http://dbpedia.org/resource/François_Hollande
,				
who				
were				
in				
Kiev	B	Kiev	http://en.wikipedia.org/wiki/Kiev	http://dbpedia.org/resource/Kiev
on				
6	B	6_February	http://en.wikipedia.org/wiki/February_6	
February	I	6_February	http://en.wikipedia.org/wiki/February_6	
and				
in				
Moscow	B	Moscow	http://en.wikipedia.org/wiki/Moscow	http://dbpedia.org/resource/Moscow
the				
day	B	day	http://en.wikipedia.org/wiki/Day	
after				
.				
				
Merkel	B	Merkel	http://en.wikipedia.org/wiki/Angela_Merkel	http://dbpedia.org/resource/Angela_Merkel
flew				
to				
Washington	B	Washington	http://en.wikipedia.org/wiki/Washington,_D.C.	http://dbpedia.org/resource/Washington_wine
on				
Monday	B	Monday	http://en.wikipedia.org/wiki/Monday	
to				
coordinate				
the				
EU	B	EU	http://en.wikipedia.org/wiki/European_Union	http://dbpedia.org/resource/.eu
initiative				
with				
its				
American	B	American	http://en.wikipedia.org/wiki/United_States	http://dbpedia.org/resource/American_McGee
partner	B	partner	http://en.wikipedia.org/wiki/Partnership	
.				
				
The				
US	B	US	http://en.wikipedia.org/wiki/United_States	http://aksw.org/notInWiki/US
and				
the				
EU	B	EU	http://en.wikipedia.org/wiki/European_Union	http://dbpedia.org/resource/.eu
do				
not				
agree				
however				
on				
considering				
wether				
to				
supply				
military	B	military	http://en.wikipedia.org/wiki/Military	
aid	B	aid	http://en.wikipedia.org/wiki/Aid	
to				
Kiev	B	Kiev	http://en.wikipedia.org/wiki/Kiev	http://dbpedia.org/resource/Kiev
.				
				
‘				
Tsipras	B	Tsipras	http://en.wikipedia.org/wiki/Alexis_Tsipras	http://dbpedia.org/resource/Alexis_Tsipras
exposes				
President	B	President_of_the_European_Council	http://en.wikipedia.org/wiki/President_of_the_European_Council	
of	I	President_of_the_European_Council	http://en.wikipedia.org/wiki/President_of_the_European_Council	
the	I	President_of_the_European_Council	http://en.wikipedia.org/wiki/President_of_the_European_Council	
European	I	President_of_the_European_Council	http://en.wikipedia.org/wiki/President_of_the_European_Council	http://aksw.org/notInWiki/EuropeanCouncilTusk
Council	I	President_of_the_European_Council	http://en.wikipedia.org/wiki/President_of_the_European_Council	http://aksw.org/notInWiki/EuropeanCouncilTusk
Tusk	B	Tusk	http://en.wikipedia.org/wiki/Donald_Tusk	http://aksw.org/notInWiki/EuropeanCouncilTusk
’				
.				
				
“				
Greece	B	Greece	http://en.wikipedia.org/wiki/Greece	http://dbpedia.org/resource/Greece
under				
the				
Prime	B	Prime_Minister	http://en.wikipedia.org/wiki/Prime_minister	
Minister	I	Prime_Minister	http://en.wikipedia.org/wiki/Prime_minister	
Alexis	B	Alexis_Tsipras	http://en.wikipedia.org/wiki/Alexis_Tsipras	http://dbpedia.org/resource/Alexis_Tsipras
Tsipras	I	Alexis_Tsipras	http://en.wikipedia.org/wiki/Alexis_Tsipras	http://dbpedia.org/resource/Alexis_Tsipras
could				
become				
a				
thorn	B	thorn	http://en.wikipedia.org/wiki/Thorns,_spines,_and_prickles	
in				
side				
of				
of				
the				
European	B	European_Union	http://en.wikipedia.org/wiki/European_Union	http://dbpedia.org/resource/European_Union
Union	I	European_Union	http://en.wikipedia.org/wiki/European_Union	http://dbpedia.org/resource/European_Union
on				
both				
an				
economic	B	economic	http://en.wikipedia.org/wiki/Economy	
and				
political	B	political	http://en.wikipedia.org/wiki/Politics	
level				
”				
,				
writes				
De	B	De_Standaard	http://en.wikipedia.org/wiki/De_Standaard	http://dbpedia.org/resource/De_Standaard
Standaard	I	De_Standaard	http://en.wikipedia.org/wiki/De_Standaard	http://dbpedia.org/resource/De_Standaard
.				
				
Earlier				
on				
Tuesday	B	Tuesday	http://en.wikipedia.org/wiki/Tuesday	
,				
Tusk	B	Tusk	http://en.wikipedia.org/wiki/Donald_Tusk	http://aksw.org/notInWiki/Tusk
had				
asked				
EU	B	EU	http://en.wikipedia.org/wiki/European_Union	http://dbpedia.org/resource/European_Union
foreign	B	foreign_affairs_ministers	http://en.wikipedia.org/wiki/Foreign_Affairs_Council	
affairs	I	foreign_affairs_ministers	http://en.wikipedia.org/wiki/Foreign_Affairs_Council	
ministers	I	foreign_affairs_ministers	http://en.wikipedia.org/wiki/Foreign_Affairs_Council	
to				
propose				
new				
sanctions	B	sanctions	http://en.wikipedia.org/wiki/International_sanctions	
against				
Russia	B	Russia	http://en.wikipedia.org/wiki/Russia	http://dbpedia.org/resource/Russia
at				
Thursday	B	Thursday	http://en.wikipedia.org/wiki/Thursday	
'				
s				
meeting	B	meeting	http://en.wikipedia.org/wiki/Meeting	
.				
				
The				
Greek	B	Greek_government	http://en.wikipedia.org/wiki/Government_of_Greece	http://dbpedia.org/resource/Fraternities_and_sororities
government	I	Greek_government	http://en.wikipedia.org/wiki/Government_of_Greece	
said				
Tusk	B	Tusk	http://en.wikipedia.org/wiki/Donald_Tusk	http://aksw.org/notInWiki/Tusk
should				
have				
contacted				
Athens	B	Athens	http://en.wikipedia.org/wiki/Athens	http://dbpedia.org/resource/Athens
before				
sending				
out				
the				
declaration	B	declaration	http://en.wikipedia.org/wiki/Declaration_(law)	
.				
				
According				
to				
the				
Brussels	B	Brussels	http://en.wikipedia.org/wiki/Brussels	http://dbpedia.org/resource/Brussels
newspaper	B	newspaper	http://en.wikipedia.org/wiki/Newspaper	
,				
Tsipras	B	Tsipras	http://en.wikipedia.org/wiki/Alexis_Tsipras	http://dbpedia.org/resource/Alexis_Tsipras
is				
“				
a				
likely				
ally	B	ally	http://en.wikipedia.org/wiki/Alliance	
of				
Putin	B	Putin	http://en.wikipedia.org/wiki/Vladimir_Putin	http://dbpedia.org/resource/Vladimir_Putin
”				
:				
the				
first				
person	B	person	http://en.wikipedia.org/wiki/Person	
he				
met				
after				
his				
appointment				
as				
Prime	B	Prime_Minister	http://en.wikipedia.org/wiki/Prime_Minister	
Minister	I	Prime_Minister	http://en.wikipedia.org/wiki/Prime_Minister	
on				
Monday	B	Monday	http://en.wikipedia.org/wiki/Monday	
was				
the				
Russian	B	Russian	http://en.wikipedia.org/wiki/Russia	http://dbpedia.org/resource/Russia
ambassador	B	ambassador	http://en.wikipedia.org/wiki/Ambassador	
in				
Greece	B	Greece	http://en.wikipedia.org/wiki/Greece	http://dbpedia.org/resource/Greece
.				
				
‘				
Europeans	B	Europeans	http://en.wikipedia.org/wiki/Europe	http://dbpedia.org/resource/Ethnic_groups_in_Europe
reach				
historical				
agreement	B	agreement	http://en.wikipedia.org/wiki/Consensus_decision-making	
on				
new				
Ariane	B	Ariane_6	http://en.wikipedia.org/wiki/Ariane_6	http://aksw.org/notInWiki/Ariane6
6	I	Ariane_6	http://en.wikipedia.org/wiki/Ariane_6	http://aksw.org/notInWiki/Ariane6
rocket	B	rocket	http://en.wikipedia.org/wiki/Rocket	
’				
.				
				
The				
representatives				
of				
the				
20				
member				
countries	B	countries	http://en.wikipedia.org/wiki/Country	
of				
the				
European	B	European_Space_Agency	http://en.wikipedia.org/wiki/European_Space_Agency	http://aksw.org/notInWiki/EuropeanSpaceAgency
Space	I	European_Space_Agency	http://en.wikipedia.org/wiki/European_Space_Agency	http://aksw.org/notInWiki/EuropeanSpaceAgency
Agency	I	European_Space_Agency	http://en.wikipedia.org/wiki/European_Space_Agency	http://aksw.org/notInWiki/EuropeanSpaceAgency
have				
reached				
an				
agreement	B	agreement	http://en.wikipedia.org/wiki/Pact	
on				
the				
building				
of				
a				
new				
rocket	B	rocket	http://en.wikipedia.org/wiki/Rocket	
—				
Ariane	B	Ariane_6	http://en.wikipedia.org/wiki/Ariane_6	http://aksw.org/notInWiki/Ariane6
6	I	Ariane_6	http://en.wikipedia.org/wiki/Ariane_6	http://aksw.org/notInWiki/Ariane6
—				
after				
the				
union				
of				
Germany	B	Germany	http://en.wikipedia.org/wiki/Germany	http://dbpedia.org/resource/Germany
in				
Luxembourg	B	Luxembourg	http://en.wikipedia.org/wiki/Luxembourg	http://dbpedia.org/resource/Luxembourg
on				
2	B	2_December	http://en.wikipedia.org/wiki/December_2	
December	I	2_December	http://en.wikipedia.org/wiki/December_2	
,				
achieving				
“				
a				
progressive				
evolution	B	evolution	http://en.wikipedia.org/wiki/Evolution_(term)	
of				
Ariane	B	Ariane_5	http://en.wikipedia.org/wiki/Ariane_5	http://aksw.org/notInWiki/Ariane5
5	I	Ariane_5	http://en.wikipedia.org/wiki/Ariane_5	http://aksw.org/notInWiki/Ariane5
”				
,				
writes				
Le	B	Le_Monde	http://en.wikipedia.org/wiki/Le_Monde	http://dbpedia.org/resource/Le_Monde
Monde	I	Le_Monde	http://en.wikipedia.org/wiki/Le_Monde	http://dbpedia.org/resource/Le_Monde
.				
				
The				
French	B	French	http://en.wikipedia.org/wiki/France	http://dbpedia.org/resource/French_nationality_law
daily	B	daily	http://en.wikipedia.org/wiki/Newspaper	
points				
out				
that				
the				
programme				
was				
“				
put				
into				
orbit	B	orbit	http://en.wikipedia.org/wiki/Orbit	
”				
19				
years	B	years	http://en.wikipedia.org/wiki/Year	
after				
the				
Ariane	B	Ariane_5	http://en.wikipedia.org/wiki/Ariane_5	http://aksw.org/notInWiki/Ariane5
5	I	Ariane_5	http://en.wikipedia.org/wiki/Ariane_5	http://aksw.org/notInWiki/Ariane5
programme				
was				
launched				
in				
Rome	B	Rome	http://en.wikipedia.org/wiki/Rome	http://dbpedia.org/resource/Rome
.				
				
According				
to				
Le	B	Le_Monde	http://en.wikipedia.org/wiki/Le_Monde	http://dbpedia.org/resource/Le_Monde
Monde	I	Le_Monde	http://en.wikipedia.org/wiki/Le_Monde	http://dbpedia.org/resource/Le_Monde
,				
Europeans	B	Europeans	http://en.wikipedia.org/wiki/Europe	http://dbpedia.org/resource/Ethnic_groups_in_Europe
have				
to				
react				
swiftly				
if				
they				
don				
’				
t				
want				
to				
“				
lose				
their				
advantage				
on				
the				
market	B	market	http://en.wikipedia.org/wiki/Market_(economics)	
”				
.				
				
What				
’				
s				
ahead				
for				
Donald	B	Donald_Tusk	http://en.wikipedia.org/wiki/Donald_Tusk	http://dbpedia.org/resource/Donald_Tusk
Tusk	I	Donald_Tusk	http://en.wikipedia.org/wiki/Donald_Tusk	http://dbpedia.org/resource/Donald_Tusk
.				
				
As				
Donald	B	Donald_Tusk	http://en.wikipedia.org/wiki/Donald_Tusk	http://dbpedia.org/resource/Donald_Tusk
Tusk	I	Donald_Tusk	http://en.wikipedia.org/wiki/Donald_Tusk	http://dbpedia.org/resource/Donald_Tusk
starts				
his				
first				
term	B	term	http://en.wikipedia.org/wiki/Term_of_office	
as				
the				
president	B	president_of_the_European_Council	http://en.wikipedia.org/wiki/President_of_the_European_Council	
of	I	president_of_the_European_Council	http://en.wikipedia.org/wiki/President_of_the_European_Council	
the	I	president_of_the_European_Council	http://en.wikipedia.org/wiki/President_of_the_European_Council	
European	I	president_of_the_European_Council	http://en.wikipedia.org/wiki/President_of_the_European_Council	http://dbpedia.org/resource/European_Council
Council	I	president_of_the_European_Council	http://en.wikipedia.org/wiki/President_of_the_European_Council	http://dbpedia.org/resource/European_Council
,				
Gazeta	B	Gazeta_Wyborcza	http://en.wikipedia.org/wiki/Gazeta_Wyborcza	http://dbpedia.org/resource/Gazeta_Wyborcza
Wyborcza	I	Gazeta_Wyborcza	http://en.wikipedia.org/wiki/Gazeta_Wyborcza	http://dbpedia.org/resource/Gazeta_Wyborcza
singles				
out				
the				
most				
important				
challenges				
laying				
ahead				
of				
the				
former				
Polish	B	Polish_prime_minister	http://en.wikipedia.org/wiki/Prime_Minister_of_Poland	http://dbpedia.org/resource/Shoe_polish
prime	I	Polish_prime_minister	http://en.wikipedia.org/wiki/Prime_Minister_of_Poland	
minister	I	Polish_prime_minister	http://en.wikipedia.org/wiki/Prime_Minister_of_Poland	
.				
				
Now				
the				
most				
important				
task				
for				
the				
Union	B	Union	http://en.wikipedia.org/wiki/European_Union	http://dbpedia.org/resource/UNION_of_European_Practitioners_in_Intellectual_Property
and				
Tusk	B	Tusk	http://en.wikipedia.org/wiki/Donald_Tusk	http://dbpedia.org/resource/Donald_Tusk
alike				
is				
to				
keep				
a				
cohesive				
line	B	line	http://en.wikipedia.org/wiki/Line_(geometry)	
against				
an				
aggressive				
Russia	B	Russia	http://en.wikipedia.org/wiki/Russia	http://dbpedia.org/resource/Russia
’				
s				
policy	B	policy	http://en.wikipedia.org/wiki/Politics	
.				
				
[				
…				
]				
Fortunately				
,				
Berlin	B	Berlin	http://en.wikipedia.org/wiki/Berlin	http://dbpedia.org/resource/Berlin
is				
currently				
opposed				
to				
easing				
sanctions	B	sanctions	http://en.wikipedia.org/wiki/International_sanctions	
on				
Moscow	B	Moscow	http://en.wikipedia.org/wiki/Moscow	http://dbpedia.org/resource/Moscow
,				
which				
will				
make				
Tusk	B	Tusk	http://en.wikipedia.org/wiki/Donald_Tusk	http://dbpedia.org/resource/Donald_Tusk
’				
s				
work	B	work	http://en.wikipedia.org/wiki/Work_(project_management)	
easier				
.				
				
Another				
key				
issue				
to				
address				
is				
avoiding				
a				
“				
Brexit	B	Brexit	http://en.wikipedia.org/wiki/Brexit	http://dbpedia.org/resource/United_Kingdom_withdrawal_from_the_European_Union
”				
,				
which				
would				
“				
weaken				
Europe	B	Europe	http://en.wikipedia.org/wiki/Europe	http://dbpedia.org/resource/European_Council
geopolitically	B	geopolitically	http://en.wikipedia.org/wiki/Geopolitics	
and				
,				
in				
the				
long				
term	B	term	http://en.wikipedia.org/wiki/Term_(time)	
,				
also				
economically	B	economically	http://en.wikipedia.org/wiki/Economy	
”				
.				
				
It				
could				
also				
become				
a				
bad				
example				
for				
other				
EU	B	EU_members	http://en.wikipedia.org/wiki/Member_state_of_the_European_Union	http://dbpedia.org/resource/European_Union
members	I	EU_members	http://en.wikipedia.org/wiki/Member_state_of_the_European_Union	
and				
lead				
to				
“				
erosion				
of				
the				
achievements				
in				
European	B	European	http://en.wikipedia.org/wiki/Europe	http://dbpedia.org/resource/European_Council
integration	B	integration	http://en.wikipedia.org/wiki/Integration_clause	
”				
.				
				
Last				
but				
not				
least				
,				
Tusk	B	Tusk	http://en.wikipedia.org/wiki/Donald_Tusk	http://dbpedia.org/resource/Donald_Tusk
will				
have				
to				
secure				
a				
“				
robust				
economic	B	economic_growth	http://en.wikipedia.org/wiki/Economic_growth	
growth	I	economic_growth	http://en.wikipedia.org/wiki/Economic_growth	
to				
reduce				
unemployment	B	unemployment	http://en.wikipedia.org/wiki/Unemployment	
”				
.				
				
At				
the				
next				
EU	B	EU	http://en.wikipedia.org/wiki/European_Union	http://dbpedia.org/resource/European_Union
summits	B	summits	http://en.wikipedia.org/wiki/Summit_(meeting)	
,				
he				
will				
also				
have				
to				
defend				
the				
budgetary				
discipline	B	discipline	http://en.wikipedia.org/wiki/Discipline	
stipulated				
in				
the				
treaties	B	treaties	http://en.wikipedia.org/wiki/Treaty	
but				
currently				
undermined				
in				
France	B	France	http://en.wikipedia.org/wiki/France	http://dbpedia.org/resource/France
and				
Italy	B	Italy	http://en.wikipedia.org/wiki/Italy	http://dbpedia.org/resource/Italy
,				
which				
argue				
that				
austerity	B	austerity	http://en.wikipedia.org/wiki/Austerity	
measures				
stifle				
economic	B	economic_growth	http://en.wikipedia.org/wiki/Economic_growth	
growth	I	economic_growth	http://en.wikipedia.org/wiki/Economic_growth	
.				
				
As				
Gazeta	B	Gazeta_Wyborcza	http://en.wikipedia.org/wiki/Gazeta_Wyborcza	http://dbpedia.org/resource/Gazeta_Wyborcza
Wyborcza	I	Gazeta_Wyborcza	http://en.wikipedia.org/wiki/Gazeta_Wyborcza	http://dbpedia.org/resource/Gazeta_Wyborcza
points				
out				
,				
if				
Tusk	B	Tusk	http://en.wikipedia.org/wiki/Donald_Tusk	http://dbpedia.org/resource/Donald_Tusk
succeeds				
in				
all				
three				
areas				
—				
he				
might				
become				
,				
just				
like				
Van	B	Van_Rompuy	http://en.wikipedia.org/wiki/Herman_Van_Rompuy	http://dbpedia.org/resource/Herman_Van_Rompuy
Rompuy	I	Van_Rompuy	http://en.wikipedia.org/wiki/Herman_Van_Rompuy	http://dbpedia.org/resource/Herman_Van_Rompuy
,				
a				
midwife				
of				
key				
compromises	B	compromises	http://en.wikipedia.org/wiki/Compromise	
[				
in				
the				
EU	B	EU	http://en.wikipedia.org/wiki/European_Union	http://dbpedia.org/resource/European_Union
]				
.				
				
The				
silent				
revolution	B	revolution	http://en.wikipedia.org/wiki/Revolution	
of				
the				
TTIP	B	TTIP	http://en.wikipedia.org/wiki/Transatlantic_Trade_and_Investment_Partnership	http://aksw.org/notInWiki/TTIP
.				
				
“				
Organizations	B	Organizations	http://en.wikipedia.org/wiki/Organization	
are				
attacking				
the				
European	B	European_Commission	http://en.wikipedia.org/wiki/European_Commission	http://aksw.org/notInWiki/EuropeanCommission
Commission	I	European_Commission	http://en.wikipedia.org/wiki/European_Commission	http://aksw.org/notInWiki/EuropeanCommission
,				
which				
they				
accuse				
of				
stifling				
the				
voices	B	voices	http://en.wikipedia.org/wiki/Human_voice	
,				
and				
protesting				
the				
agreement	B	agreement	http://en.wikipedia.org/wiki/Consensus_decision-making	
with				
the				
United	B	United_States	http://en.wikipedia.org/wiki/United_States	http://dbpedia.org/resource/United_States
States	I	United_States	http://en.wikipedia.org/wiki/United_States	http://dbpedia.org/resource/United_States
,				
”				
reports				
i	B	i	http://en.wikipedia.org/wiki/I_(newspaper)	
.				
				
The				
Transatlantic	B	Transatlantic_Trade_and_Investment_Partnership	http://en.wikipedia.org/wiki/Transatlantic_Trade_and_Investment_Partnership	http://aksw.org/notInWiki/TransatlanticTradeandInvestmentPartnership
Trade	I	Transatlantic_Trade_and_Investment_Partnership	http://en.wikipedia.org/wiki/Transatlantic_Trade_and_Investment_Partnership	http://aksw.org/notInWiki/TransatlanticTradeandInvestmentPartnership
and	I	Transatlantic_Trade_and_Investment_Partnership	http://en.wikipedia.org/wiki/Transatlantic_Trade_and_Investment_Partnership	http://aksw.org/notInWiki/TransatlanticTradeandInvestmentPartnership
Investment	I	Transatlantic_Trade_and_Investment_Partnership	http://en.wikipedia.org/wiki/Transatlantic_Trade_and_Investment_Partnership	http://aksw.org/notInWiki/TransatlanticTradeandInvestmentPartnership
Partnership	I	Transatlantic_Trade_and_Investment_Partnership	http://en.wikipedia.org/wiki/Transatlantic_Trade_and_Investment_Partnership	http://aksw.org/notInWiki/TransatlanticTradeandInvestmentPartnership
(				
TTIP	B	TTIP	http://en.wikipedia.org/wiki/Transatlantic_Trade_and_Investment_Partnership	http://aksw.org/notInWiki/TTIP
in				
English	B	English	http://en.wikipedia.org/wiki/English_language	http://dbpedia.org/resource/English,_Indiana
)				
is				
a				
commercial	B	commercial	http://en.wikipedia.org/wiki/Commerce	
agreement	B	agreement	http://en.wikipedia.org/wiki/Pact	
under				
negotiation	B	negotiation	http://en.wikipedia.org/wiki/Negotiation	
between				
the				
EU	B	EU	http://en.wikipedia.org/wiki/European_Union	http://dbpedia.org/resource/European_Union
and				
the				
US	B	US	http://en.wikipedia.org/wiki/United_States	http://aksw.org/notInWiki/US
would				
“				
harmonise				
laws	B	laws	http://en.wikipedia.org/wiki/Law	
on				
both				
sides				
of				
the				
Atlantic	B	Atlantic_ocean	http://en.wikipedia.org/wiki/Atlantic_Ocean	http://dbpedia.org/resource/Atlantic_County,_New_Jersey
ocean	I	Atlantic_ocean	http://en.wikipedia.org/wiki/Atlantic_Ocean	
to				
allow				
major				
European	B	European	http://en.wikipedia.org/wiki/Europe	http://aksw.org/notInWiki/European
and				
American	B	American	http://en.wikipedia.org/wiki/United_States	http://dbpedia.org/resource/American_McGee
companies	B	companies	http://en.wikipedia.org/wiki/Company	
to				
invest				
and				
increase				
their				
profits	B	profits	http://en.wikipedia.org/wiki/Profit_(economics)	
on				
a				
larger				
market	B	market	http://en.wikipedia.org/wiki/Market_(economics)	
”				
,				
writes				
the				
paper	B	paper	http://en.wikipedia.org/wiki/Paper	
.				
				
Against				
the				
Brussels	B	Brussels	http://en.wikipedia.org/wiki/Brussels	http://dbpedia.org/resource/Brussels
blockade	B	blockade	http://en.wikipedia.org/wiki/Blockade	
,				
launched				
a				
petition	B	petition	http://en.wikipedia.org/wiki/Petition	
that				
has				
racked				
up				
more				
than				
850,000				
signatures	B	signatures	http://en.wikipedia.org/wiki/Signature	
against				
TTIP	B	TTIP	http://en.wikipedia.org/wiki/Transatlantic_Trade_and_Investment_Partnership	http://aksw.org/notInWiki/TTIP
in				
less				
than				
a				
month	B	month	http://en.wikipedia.org/wiki/Month	
.				
				
