Worries	B	Worries	http://dbpedia.org/resource/Worry	
over				
Internet	B	Internet_privacy	http://dbpedia.org/resource/Internet_privacy	Internet
privacy	I	Internet_privacy	http://dbpedia.org/resource/Internet_privacy	
have				
spurred				
lawsuits	B	lawsuits	http://dbpedia.org/resource/Lawsuit	
,				
conspiracy	B	conspiracy_theories	http://dbpedia.org/resource/Conspiracy_theory	
theories	I	conspiracy_theories	http://dbpedia.org/resource/Conspiracy_theory	
and				
consumer	B	consumer	http://dbpedia.org/resource/Consumer	
anxiety	B	anxiety	http://dbpedia.org/resource/Anxiety	
as				
marketers	B	marketers	http://dbpedia.org/resource/Marketing	
and				
others				
invent				
new				
ways				
to				
track				
computer	B	computer_users	http://dbpedia.org/resource/User_(computing)	
users	I	computer_users	http://dbpedia.org/resource/User_(computing)	
on				
the				
Internet	B	Internet	http://dbpedia.org/resource/Internet	Internet
.				
				
But				
the				
alarmists	B	alarmists	http://dbpedia.org/resource/Alarmism	
have				
not				
seen				
anything				
yet				
.				
				
In				
the				
next				
few				
years	B	years	http://dbpedia.org/resource/Year	
,				
a				
powerful				
new				
suite				
of				
capabilities				
will				
become				
available				
to				
Web	B	Web_developers	http://dbpedia.org/resource/Web_developer	
developers	I	Web_developers	http://dbpedia.org/resource/Web_developer	
that				
could				
give				
marketers	B	marketers	http://dbpedia.org/resource/Marketing	
and				
advertisers	B	advertisers	http://dbpedia.org/resource/Advertising	
access				
to				
many				
more				
details				
about				
computer	B	computer_users	http://dbpedia.org/resource/User_(computing)	
users	I	computer_users	http://dbpedia.org/resource/User_(computing)	
’				
online	B	online	http://dbpedia.org/resource/Online_and_offline	
activities				
.				
				
Nearly				
everyone				
who				
uses				
the				
Internet	B	Internet	http://dbpedia.org/resource/Internet	Internet
will				
face				
the				
privacy	B	privacy	http://dbpedia.org/resource/Information_privacy	
risks				
that				
come				
with				
those				
capabilities				
,				
which				
are				
an				
integral				
part				
of				
the				
Web				
language				
that				
will				
soon				
power				
the				
Internet	B	Internet	http://dbpedia.org/resource/Internet	
:				
HTML	B	HTML_5	http://dbpedia.org/resource/HTML5	
5	I	HTML_5	http://dbpedia.org/resource/HTML5	
.				
				
The				
new				
Web	B	Web	http://dbpedia.org/resource/World_Wide_Web	
code	B	code	http://dbpedia.org/resource/Source_code	
,				
the				
fifth				
version				
of				
Hypertext	B	Hypertext_Markup_Language	http://dbpedia.org/resource/HTML	HTML
Markup	I	Hypertext_Markup_Language	http://dbpedia.org/resource/HTML	HTML
Language	I	Hypertext_Markup_Language	http://dbpedia.org/resource/HTML	HTML
used				
to				
create				
Web	B	Web_pages	http://dbpedia.org/resource/Web_page	World_Wide_Web
pages	I	Web_pages	http://dbpedia.org/resource/Web_page	
,				
is				
already				
in				
limited				
use				
,				
and				
it				
promises	B	promises	http://dbpedia.org/resource/Promise	
to				
usher				
in				
a				
new				
era	B	era	http://dbpedia.org/resource/Era	
of				
Internet	B	Internet_browsing	http://dbpedia.org/resource/Web_browser	Internet
browsing	I	Internet_browsing	http://dbpedia.org/resource/Web_browser	
within				
the				
next				
few				
years	B	years	http://dbpedia.org/resource/Year	
.				
				
It				
will				
make				
it				
easier				
for				
users	B	users	http://dbpedia.org/resource/User_(computing)	
to				
view				
multimedia	B	multimedia	http://dbpedia.org/resource/Multimedia	
content	B	content	http://dbpedia.org/resource/Content_(media)	
without				
downloading	B	downloading	http://dbpedia.org/resource/Uploading_and_downloading	
extra				
software	B	software	http://dbpedia.org/resource/Computer_software	
;				
check				
e	B	e-mail	http://dbpedia.org/resource/Email	
-	I	e-mail	http://dbpedia.org/resource/Email	
mail	I	e-mail	http://dbpedia.org/resource/Email	
offline	B	offline	http://dbpedia.org/resource/Online_and_offline	
;				
or				
find				
a				
favorite				
restaurant	B	restaurant	http://dbpedia.org/resource/Restaurant	
or				
shop				
on				
a				
smartphone	B	smartphone	http://dbpedia.org/resource/Smartphone	
.				
				
The				
Nets	B	Nets	http://dbpedia.org/resource/New_Jersey_Nets	Brooklyn_Nets
dropped				
into				
Moscow	B	Moscow	http://dbpedia.org/resource/Moscow	Moscow
on				
Sunday	B	Sunday	http://dbpedia.org/resource/Sunday	
for				
a				
one				
-				
day				
visit				
meant				
to				
raise				
their				
profile				
in				
the				
home	B	home	http://dbpedia.org/resource/Home	
country	B	country	http://dbpedia.org/resource/Country	
of				
their				
new				
owner	B	owner	http://dbpedia.org/resource/Ownership	
,				
the				
Russian				Russia
billionaire	B	billionaire	http://dbpedia.org/resource/Billionaire	
Mikhail	B	Mikhail_D._Prokhorov	http://dbpedia.org/resource/Mikhail_Prokhorov	
D	I	Mikhail_D._Prokhorov	http://dbpedia.org/resource/Mikhail_Prokhorov	
.	I	Mikhail_D._Prokhorov	http://dbpedia.org/resource/Mikhail_Prokhorov	
Prokhorov	I	Mikhail_D._Prokhorov	http://dbpedia.org/resource/Mikhail_Prokhorov	Mikhail_Prokhorov
.				
				
“				
Welcome				
to				
Russia	B	Russia	http://dbpedia.org/resource/Russia	Russia
,				
”				
Prokhorov	B	Prokhorov	http://dbpedia.org/resource/Mikhail_Prokhorov	Alexander_Prokhorov
said				
as				
he				
greeted	B	greeted	http://dbpedia.org/resource/Greeting	
his				
players	B	players	http://dbpedia.org/resource/Sportsperson	
during				
their				
first				
trip				
to				
a				
country	B	country	http://dbpedia.org/resource/Country	
he				
hopes				
will				
become				
a				
kind				
of				
second				
home	B	home	http://dbpedia.org/resource/Home	
for				
the				
team	B	team	http://dbpedia.org/resource/Team	
—				
as				
well				
as				
a				
source				
of				
wealthy	B	wealthy	http://dbpedia.org/resource/Wealth	
sponsors	B	sponsors	http://dbpedia.org/resource/Sponsor_(commercial)	
.				
				
The				
stay				
was				
just				
long				
enough				
for				
a				
little				
practice	B	practice	http://dbpedia.org/resource/Practice_(learning_method)	
and				
an				
exhibition	B	exhibition	http://dbpedia.org/resource/Exhibition_game	
in				
which				
the				
Nets	B	Nets	http://dbpedia.org/resource/New_Jersey_Nets	Brooklyn_Nets
were				
interspersed				
on				
the				
court	B	court	http://dbpedia.org/resource/Basketball_court	
with				
top				
players	B	players	http://dbpedia.org/resource/Sportsperson	
from				
youth				
leagues				
across				
Russia	B	Russia	http://dbpedia.org/resource/Russia	Russia
—				
some				
as				
young				
as				
8				
years	B	years	http://dbpedia.org/resource/Year	
old				
—				
for				
a				
light				
-				
hearted				
game	B	game	http://dbpedia.org/resource/Game	
in				
the				
arena	B	arena_of_CSKA_Moscow	http://dbpedia.org/resource/CSKA_Universal_Sports_Hall	
of	I	arena_of_CSKA_Moscow	http://dbpedia.org/resource/CSKA_Universal_Sports_Hall	
CSKA	I	arena_of_CSKA_Moscow	http://dbpedia.org/resource/CSKA_Universal_Sports_Hall	
Moscow	I	arena_of_CSKA_Moscow	http://dbpedia.org/resource/CSKA_Universal_Sports_Hall	
,				
the				
professional				
Russian				
club	B	club	http://dbpedia.org/resource/Sports_club	
Prokhorov	B	Prokhorov	http://dbpedia.org/resource/Mikhail_Prokhorov	
once				
owned				
.				
				
Prokhorov	B	Prokhorov	http://dbpedia.org/resource/Mikhail_Prokhorov	Mikhail_Prokhorov
said				
the				
visit				
would				
serve				
as				
a				
cornerstone				
for				
future	B	future	http://dbpedia.org/resource/Future	
interaction	B	interaction	http://dbpedia.org/resource/Interaction	
between				
players	B	players	http://dbpedia.org/resource/Sportsperson	
and				
coaches	B	coaches	http://dbpedia.org/resource/Coach_(sport)	
from				
the				
Nets	B	Nets	http://dbpedia.org/resource/New_Jersey_Nets	Brooklyn_Nets
and				
young				
Russians	B	Russians	http://dbpedia.org/resource/Russians	Russia
,				
with				
the				
aim				
of				
developing				
basketball	B	basketball	http://dbpedia.org/resource/Basketball	
in				
Russia	B	Russia	http://dbpedia.org/resource/Russia	Russia
,				
where				
the				
sport	B	sport	http://dbpedia.org/resource/Sport	
is				
a				
distant				
third				
in				
popularity	B	popularity	http://dbpedia.org/resource/Popularity	
behind				
soccer	B	soccer	http://dbpedia.org/resource/Association_football	
and				
hockey	B	hockey	http://dbpedia.org/resource/Hockey	
.				
				
If				
the				
Nets	B	Nets	http://dbpedia.org/resource/New_Jersey_Nets	Brooklyn_Nets
pick				
up				
a				
strong				
Russian				Russia
fan	B	fan	http://dbpedia.org/resource/Fan_(person)	
base				
in				
the				
process				
,				
that				
would				
be				
nice				
,				
too				
,				
he				
said				
.				
				
To				
the				
rites	B	rites	http://dbpedia.org/resource/Ritual	
of				
middle	B	middle-age	http://dbpedia.org/resource/Middle_age	
-	I	middle-age	http://dbpedia.org/resource/Middle_age	
age	I	middle-age	http://dbpedia.org/resource/Middle_age	
passage				
,				
some				
families	B	families	http://dbpedia.org/resource/Family	
are				
adding				
another				
:				
buying				
marijuana	B	marijuana	http://dbpedia.org/resource/Cannabis_(drug)	
for				
aging				
parents	B	parents	http://dbpedia.org/resource/Parent	
.				
				
Bryan				Bryan,_Texas
,				
46				
,				
a				
writer	B	writer	http://dbpedia.org/resource/Writer	
who				
lives				
in				
Illinois	B	Illinois	http://dbpedia.org/resource/Illinois	Illinois
,				
began				
supplying	B	supplying	http://dbpedia.org/resource/Illegal_drug_trade	
his				
parents	B	parents	http://dbpedia.org/resource/Parent	
about				
five				
years	B	years	http://dbpedia.org/resource/Year	
ago				
,				
after				
he				
told				
them				
about				
his				
own				
marijuana	B	marijuana	http://dbpedia.org/resource/Cannabis_(drug)	
use				
.				
				
When				
he				
was				
growing				
up				
,				
he				
said				
,				
his				
parents	B	parents	http://dbpedia.org/resource/Parent	
were				
very				
strict				
about				
illegal	B	illegal_drugs	http://dbpedia.org/resource/Illegal_drug_trade	
drugs	I	illegal_drugs	http://dbpedia.org/resource/Illegal_drug_trade	
.				
				
“				
We				
would				
have				
grounded	B	grounded	http://dbpedia.org/resource/Grounding_(punishment)	
him				
,				
”				
said				
his				
mother	B	mother	http://dbpedia.org/resource/Mother	
,				
who				
is				
72				
.				
				
But				
with				
age				
and				
the				
growing				
acceptance				
of				
medical	B	medical_marijuana	http://dbpedia.org/resource/Medical_cannabis	
marijuana	I	medical_marijuana	http://dbpedia.org/resource/Medical_cannabis	
,				
his				
parents	B	parents	http://dbpedia.org/resource/Parent	
were				
curious				
.				
				
His				
father	B	father	http://dbpedia.org/resource/Father	
had				
a				
heart	B	heart_ailment	http://dbpedia.org/resource/Heart_disease	
ailment	I	heart_ailment	http://dbpedia.org/resource/Heart_disease	
,				
his				
mother	B	mother	http://dbpedia.org/resource/Mother	
had				
dizzy	B	dizzy_spells	http://dbpedia.org/resource/Orthostatic_hypotension	
spells	I	dizzy_spells	http://dbpedia.org/resource/Orthostatic_hypotension	
and				
nausea	B	nausea	http://dbpedia.org/resource/Nausea	
,				
and				
both				
were				
worried				
about				
Alzheimer	B	Alzheimer’s_disease	http://dbpedia.org/resource/Alzheimer's_disease	
’	I	Alzheimer’s_disease	http://dbpedia.org/resource/Alzheimer's_disease	
s	I	Alzheimer’s_disease	http://dbpedia.org/resource/Alzheimer's_disease	
disease	I	Alzheimer’s_disease	http://dbpedia.org/resource/Alzheimer's_disease	
and				
cancer	B	cancer	http://dbpedia.org/resource/Cancer	
.				
				
They				
looked				
at				
some				
research	B	research	http://dbpedia.org/resource/Research	
and				
decided				
marijuana	B	marijuana	http://dbpedia.org/resource/Medical_cannabis	
was				
worth				
a				
try				
.				
				
Anyone				
driving	B	driving	http://dbpedia.org/resource/Driving	
the				
twists				
of				
Highway	B	Highway_1	http://dbpedia.org/resource/California_State_Route_1	California_State_Route_1
1	I	Highway_1	http://dbpedia.org/resource/California_State_Route_1	California_State_Route_1
between				
San	B	San_Francisco	http://dbpedia.org/resource/San_Francisco	San_Francisco
Francisco	I	San_Francisco	http://dbpedia.org/resource/San_Francisco	San_Francisco
and				
Los	B	Los_Angeles	http://dbpedia.org/resource/Los_Angeles	Los_Angeles
Angeles	I	Los_Angeles	http://dbpedia.org/resource/Los_Angeles	Los_Angeles
recently				
may				
have				
glimpsed				
a				
Toyota	B	Toyota_Prius	http://dbpedia.org/resource/Toyota_Prius	Toyota_Prius
Prius	I	Toyota_Prius	http://dbpedia.org/resource/Toyota_Prius	Toyota_Prius
with				
a				
curious				
funnel				
-				
like				
cylinder				
on				
the				
roof	B	roof	http://dbpedia.org/resource/Roof	
.				
				
Harder				
to				
notice				
was				
that				
the				
person	B	person	http://dbpedia.org/resource/Person	
at				
the				
wheel	B	wheel	http://dbpedia.org/resource/Steering_wheel	
was				
not				
actually				
driving	B	driving	http://dbpedia.org/resource/Driving	
.				
				
The				
car	B	car	http://dbpedia.org/resource/Automobile	
is				
a				
project	B	project	http://dbpedia.org/resource/Project	
of				
Google	B	Google	http://dbpedia.org/resource/Google	Google
,				
which				
has				
been				
working				
in				
secret				
but				
in				
plain				
view				
on				
vehicles	B	vehicles_that_can_drive_themselves	http://dbpedia.org/resource/Driverless_car	
that	I	vehicles_that_can_drive_themselves	http://dbpedia.org/resource/Driverless_car	
can	I	vehicles_that_can_drive_themselves	http://dbpedia.org/resource/Driverless_car	
drive	I	vehicles_that_can_drive_themselves	http://dbpedia.org/resource/Driverless_car	
themselves	I	vehicles_that_can_drive_themselves	http://dbpedia.org/resource/Driverless_car	
,				
using				
artificial	B	artificial-intelligence	http://dbpedia.org/resource/Artificial_intelligence	
-	I	artificial-intelligence	http://dbpedia.org/resource/Artificial_intelligence	
intelligence	I	artificial-intelligence	http://dbpedia.org/resource/Artificial_intelligence	
software	B	software	http://dbpedia.org/resource/Computer_software	
that				
can				
sense				
anything				
near				
the				
car	B	car	http://dbpedia.org/resource/Automobile	
and				
mimic				
the				
decisions				
made				
by				
a				
human	B	human	http://dbpedia.org/resource/Human	
driver				
.				
				
With				
someone				
behind				
the				
wheel	B	wheel	http://dbpedia.org/resource/Steering_wheel	
to				
take				
control				
if				
something				
goes				
awry				
and				
a				
technician	B	technician	http://dbpedia.org/resource/Technician	
in				
the				
passenger				
seat				
to				
monitor				
the				
navigation	B	navigation_system	http://dbpedia.org/resource/Navigation_system	
system	I	navigation_system	http://dbpedia.org/resource/Navigation_system	
,				
seven				
test				
cars	B	cars	http://dbpedia.org/resource/Automobile	
have				
driven				
1,000				
miles	B	miles	http://dbpedia.org/resource/Mile	
without				
human	B	human	http://dbpedia.org/resource/Human	
intervention				
and				
more				
than				
140,000				
miles	B	miles	http://dbpedia.org/resource/Mile	
with				
only				
occasional				
human	B	human	http://dbpedia.org/resource/Human	
control				
.				
				
One				
even				
drove				
itself				
down				
Lombard	B	Lombard_Street	http://dbpedia.org/resource/Lombard_Street_(San_Francisco)	Lombard_Street_(San_Francisco)
Street	I	Lombard_Street	http://dbpedia.org/resource/Lombard_Street_(San_Francisco)	Lombard_Street_(San_Francisco)
in				
San	B	San_Francisco	http://dbpedia.org/resource/San_Francisco	San_Francisco
Francisco	I	San_Francisco	http://dbpedia.org/resource/San_Francisco	San_Francisco
,				
one				
of				
the				
steepest				
and				
curviest				
streets	B	streets	http://dbpedia.org/resource/Street	
in				
the				
nation				
.				
				
The				
only				
accident	B	accident	http://dbpedia.org/resource/Accident	
,				
engineers	B	engineers	http://dbpedia.org/resource/Engineer	
said				
,				
was				
when				
one				
Google	B	Google_car	http://dbpedia.org/resource/Google_driverless_car	Google
car	I	Google_car	http://dbpedia.org/resource/Google_driverless_car	
was				
rear	B	rear-ended	http://dbpedia.org/resource/Rear-end_collision	
-	I	rear-ended	http://dbpedia.org/resource/Rear-end_collision	
ended	I	rear-ended	http://dbpedia.org/resource/Rear-end_collision	
while				
stopped				
at				
a				
traffic	B	traffic_light	http://dbpedia.org/resource/Traffic_light	
light	I	traffic_light	http://dbpedia.org/resource/Traffic_light	
.				
				
At				
a				
private				
dinner	B	dinner	http://dbpedia.org/resource/Dinner	
on				
Friday	B	Friday	http://dbpedia.org/resource/Friday	
at				
the				
Canadian	B	Canadian	http://dbpedia.org/resource/Canadian	Canada
Embassy	B	Embassy	http://dbpedia.org/resource/Diplomatic_mission	
,				
finance				
officials				
from				
seven				
world	B	world	http://dbpedia.org/resource/World	
economic	B	economic	http://dbpedia.org/resource/Economy	
powers				
focused				
on				
the				
most				
vexing				
international	B	international	http://dbpedia.org/resource/International	
economic	B	economic	http://dbpedia.org/resource/Economy	
problem	B	problem	http://dbpedia.org/resource/Problem	
facing				
the				
Obama	B	Obama_administration	http://dbpedia.org/resource/Presidency_of_Barack_Obama	Barack_Obama
administration	I	Obama_administration	http://dbpedia.org/resource/Presidency_of_Barack_Obama	
.				
				
Over				
seared				
scallops	B	scallops	http://dbpedia.org/resource/Scallop	
and				
beef	B	beef_tenderloin	http://dbpedia.org/resource/Beef_tenderloin	
tenderloin	I	beef_tenderloin	http://dbpedia.org/resource/Beef_tenderloin	
,				
Treasury	B	Treasury_Secretary	http://dbpedia.org/resource/United_States_Secretary_of_the_Treasury	United_States_Department_of_the_Treasury
Secretary	I	Treasury_Secretary	http://dbpedia.org/resource/United_States_Secretary_of_the_Treasury	
Timothy	B	Timothy_F._Geithner	http://dbpedia.org/resource/Timothy_Geithner	
F	I	Timothy_F._Geithner	http://dbpedia.org/resource/Timothy_Geithner	
.	I	Timothy_F._Geithner	http://dbpedia.org/resource/Timothy_Geithner	
Geithner	I	Timothy_F._Geithner	http://dbpedia.org/resource/Timothy_Geithner	Timothy_Geithner
urged				
his				
counterparts				
from				
Europe	B	Europe	http://dbpedia.org/resource/Europe	Europe
,				
Canada	B	Canada	http://dbpedia.org/resource/Canada	Canada
and				
Japan	B	Japan	http://dbpedia.org/resource/Japan	Japan
to				
help				
persuade				
China	B	China	http://dbpedia.org/resource/People's_Republic_of_China	China
to				
let				
its				
currency	B	currency	http://dbpedia.org/resource/Currency	
,				
the				
renminbi	B	renminbi	http://dbpedia.org/resource/Renminbi	
,				
rise				
in				
value				
—				
a				
crucial				
element				
in				
redressing				
the				
trade	B	trade_imbalances	http://dbpedia.org/resource/Balance_of_trade	
imbalances	I	trade_imbalances	http://dbpedia.org/resource/Balance_of_trade	
that				
are				
threatening				
recovery				
around				
the				
world	B	world	http://dbpedia.org/resource/World	
.				
				
But				
the				
next				
afternoon				
,				
the				
annual	B	annual_meetings_of_the_International_Monetary_Fund	http://dbpedia.org/resource/Annual_Meetings_of_the_International_Monetary_Fund_and_the_World_Bank_Group	
meetings	I	annual_meetings_of_the_International_Monetary_Fund	http://dbpedia.org/resource/Annual_Meetings_of_the_International_Monetary_Fund_and_the_World_Bank_Group	
of	I	annual_meetings_of_the_International_Monetary_Fund	http://dbpedia.org/resource/Annual_Meetings_of_the_International_Monetary_Fund_and_the_World_Bank_Group	
the	I	annual_meetings_of_the_International_Monetary_Fund	http://dbpedia.org/resource/Annual_Meetings_of_the_International_Monetary_Fund_and_the_World_Bank_Group	
International	I	annual_meetings_of_the_International_Monetary_Fund	http://dbpedia.org/resource/Annual_Meetings_of_the_International_Monetary_Fund_and_the_World_Bank_Group	International_Monetary_Fund
Monetary	I	annual_meetings_of_the_International_Monetary_Fund	http://dbpedia.org/resource/Annual_Meetings_of_the_International_Monetary_Fund_and_the_World_Bank_Group	International_Monetary_Fund
Fund	I	annual_meetings_of_the_International_Monetary_Fund	http://dbpedia.org/resource/Annual_Meetings_of_the_International_Monetary_Fund_and_the_World_Bank_Group	International_Monetary_Fund
ended				
with				
a				
tepid				
statement				
that				
made				
only				
fleeting				
and				
indirect				
references				
to				
the				
simmering				
currency	B	currency	http://dbpedia.org/resource/Currency	
tensions				
.				
				
Boilerplate				
is				
safe				
box	B	box_office	http://dbpedia.org/resource/Box_office	
office	I	box_office	http://dbpedia.org/resource/Box_office	
,				
and				
we				
’				
ve				
gotten				
our				
share				
lately				
.				
				
So				
it				
’				
s				
great				
that				
the				
Guggenheim	B	Guggenheim_Museum	http://dbpedia.org/resource/Solomon_R._Guggenheim_Museum	Solomon_R._Guggenheim_Museum
Museum	I	Guggenheim_Museum	http://dbpedia.org/resource/Solomon_R._Guggenheim_Museum	Solomon_R._Guggenheim_Museum
is				
giving				
us				
the				
opposite				
in				
its				
major				
fall	B	fall	http://dbpedia.org/resource/Autumn	
exhibition	B	exhibition	http://dbpedia.org/resource/Art_exhibition	
,				
“				
Chaos	B	Chaos	http://dbpedia.org/resource/Chaos	
and				
Classicism	B	Classicism	http://dbpedia.org/resource/Classicism	
:				
Art	B	Art	http://dbpedia.org/resource/Art	
in				
France	B	France	http://dbpedia.org/resource/France	France
,				
Italy	B	Italy	http://dbpedia.org/resource/Italy	Italy
,				
and				
Germany	B	Germany	http://dbpedia.org/resource/Germany	Germany
,				
1918				
-				
1936				
.				
”				
With				
its				
high				
percentage	B	percentage	http://dbpedia.org/resource/Percentage	
of				
unfamiliar				
names	B	names	http://dbpedia.org/resource/Name	
,				
the				
exhibition	B	exhibition	http://dbpedia.org/resource/Art_exhibition	
won				
’				
t				
pull				
crowds				
.				
				
Visitors				
with				
a				
stake				
in				
art				
-				
as				
-				
uplift				
will				
find				
the				
story				
it				
tells				
mystifying				
,				
if				
not				
perverse				
.				
				
I				
found				
the				
whole				
thing				
totally				
engrossing				
:				
a				
survey				
-				
style				
piece				
of				
investigative				
history	B	history	http://dbpedia.org/resource/History	
with				
a				
bomb				
ticking				
away				
inside				
.				
				
Its				
narrative				
goes				
something				
like				
this				
:				
After				
the				
exhausting				
nightmare	B	nightmare	http://dbpedia.org/resource/Nightmare	
of				
World	B	World_War_I	http://dbpedia.org/resource/World_War_I	World_War_I
War	I	World_War_I	http://dbpedia.org/resource/World_War_I	World_War_I
I	I	World_War_I	http://dbpedia.org/resource/World_War_I	World_War_I
,				
Europe				Europe
’				
s				
early				
modernist	B	modernist	http://dbpedia.org/resource/Modernism	
vanguard				
backed				
away				
from				
disruptive				
experimental				
styles				
like				
Cubism	B	Cubism	http://dbpedia.org/resource/Cubism	Cubism
and				
Futurism	B	Futurism	http://dbpedia.org/resource/Futurism	
.				
				
They				
retreated				
to				
traditional	B	traditional	http://dbpedia.org/resource/Tradition	
forms				
and				
looked				
back				
to				
an				
imagined				
classical				
past				
—				
ancient	B	ancient_Greece	http://dbpedia.org/resource/Ancient_Greece	
Greece	I	ancient_Greece	http://dbpedia.org/resource/Ancient_Greece	Greece
,				
the				
Italian	B	Italian_Renaissance	http://dbpedia.org/resource/Italian_Renaissance	Italian_Renaissance
Renaissance	I	Italian_Renaissance	http://dbpedia.org/resource/Italian_Renaissance	Italian_Renaissance
—				
for				
images				
of				
wholeness				
and				
harmony				
.				
				
To				
some				
degree				
recuperative				
conservatism	B	conservatism	http://dbpedia.org/resource/Conservatism	
worked				
;				
it				
gave				
artists	B	artists	http://dbpedia.org/resource/Artist	
a				
way				
to				
keep				
moving				
when				
an				
old				
way				
seemed				
blocked				
.				
				
At				
the				
same				
time				
classicism				
as				
an				
ideology	B	ideology	http://dbpedia.org/resource/Ideology	
,				
with				
its				
emphasis				
on				
order				
,				
purity				
and				
exclusion				
,				
was				
being				
espoused				
by				
rising				
political				
figures				
intent				
on				
creating				
a				
new				
,				
lethally				
exclusionary				
social	B	social_order	http://dbpedia.org/resource/Social_order	
order	I	social_order	http://dbpedia.org/resource/Social_order	
.				
				
Lil	B	Lil_Wayne	http://dbpedia.org/resource/Lil_Wayne	Lil_Wayne
Wayne	I	Lil_Wayne	http://dbpedia.org/resource/Lil_Wayne	Lil_Wayne
’				
s				
least				
interesting				
mode				
is				
fixation				
.				
Restless				
and				
free	B	free-associative	http://dbpedia.org/resource/Free_association_(psychology)	
-	I	free-associative	http://dbpedia.org/resource/Free_association_(psychology)	
associative	I	free-associative	http://dbpedia.org/resource/Free_association_(psychology)	
,				
he				
’				
s				
best				
when				
bouncing				
from				
one				
idea	B	idea	http://dbpedia.org/resource/Idea	
to				
the				
next				
,				
sticking				
around				
just				
long				
enough				
to				
master				
it				
,				
then				
splitting				
before				
boredom	B	boredom	http://dbpedia.org/resource/Boredom	
or				
self	B	self-consciousness	http://dbpedia.org/resource/Self-consciousness	
-	I	self-consciousness	http://dbpedia.org/resource/Self-consciousness	
consciousness	I	self-consciousness	http://dbpedia.org/resource/Self-consciousness	
sets				
in				
.				
				
“				
Rebirth				Rebirth_(Lil_Wayne_album)
,				
”				
the				
last				
album	B	album	http://dbpedia.org/resource/Album	
he				
released				
before				
he				
began				
serving				
a				
one				
-				
year				
jail	B	jail	http://dbpedia.org/resource/Prison	
sentence	B	sentence	http://dbpedia.org/resource/Sentence_(law)	
at				
Rikers	B	Rikers_Island	http://dbpedia.org/resource/Rikers_Island	Rikers_Island
Island	I	Rikers_Island	http://dbpedia.org/resource/Rikers_Island	Rikers_Island
,				
was				
his				
quixotic				
attempt				
at				
a				
rap				
-				
rock				
album	B	album	http://dbpedia.org/resource/Album	
,				
an				
out				
-				
of				
-				
date				
idea	B	idea	http://dbpedia.org/resource/Idea	
that				
he				
treated				
like				
aggressive	B	aggressive	http://dbpedia.org/resource/Aggression	
scientific	B	scientific	http://dbpedia.org/resource/Scientific_method	
research	B	research	http://dbpedia.org/resource/Research	
.				
				
It				
failed				
less				
for				
its				
experimentation	B	experimentation	http://dbpedia.org/resource/Experiment	
,				
which				
was				
spotty				
,				
than				
for				
the				
strenuousness				
with				
which				
he				
pursued				
it				
.				
				
From				
somewhere				
among				
those				
recording	B	recording	http://dbpedia.org/resource/Studio_recording	
sessions				
,				
and				
those				
rumored				
to				
be				
slated				
for				
“				
Tha				Lil_Wayne
Carter				Lil_Wayne
IV				Lil_Wayne
,				
”				
his				
next				
album	B	album	http://dbpedia.org/resource/Album	
,				
came				
the				
songs	B	songs	http://dbpedia.org/resource/Song	
found				
on				
“				
I	B	I_Am_Not_a_Human_Being	http://dbpedia.org/resource/I_Am_Not_a_Human_Being	
Am	I	I_Am_Not_a_Human_Being	http://dbpedia.org/resource/I_Am_Not_a_Human_Being	
Not	I	I_Am_Not_a_Human_Being	http://dbpedia.org/resource/I_Am_Not_a_Human_Being	
a	I	I_Am_Not_a_Human_Being	http://dbpedia.org/resource/I_Am_Not_a_Human_Being	
Human	I	I_Am_Not_a_Human_Being	http://dbpedia.org/resource/I_Am_Not_a_Human_Being	Human_Being_(album)
Being	I	I_Am_Not_a_Human_Being	http://dbpedia.org/resource/I_Am_Not_a_Human_Being	Human_Being_(album)
,				
”				
an				
uncentered				
collection				
of				
odds				
and				
ends				
meant				
to				
sate				
interest				
until				
Lil	B	Lil_Wayne	http://dbpedia.org/resource/Lil_Wayne	Lil_Wayne
Wayne	I	Lil_Wayne	http://dbpedia.org/resource/Lil_Wayne	Lil_Wayne
’				
s				
release				
from				
Rikers				Rikers_Island
,				
which				
is				
expected				
to				
be				
early				
next				
month	B	month	http://dbpedia.org/resource/Month	
.				
				
(				
He				
was				
jailed	B	jailed	http://dbpedia.org/resource/Prison	
on				
a				
gun	B	gun-possession	http://dbpedia.org/resource/Gun_politics	
-	I	gun-possession	http://dbpedia.org/resource/Gun_politics	
possession	I	gun-possession	http://dbpedia.org/resource/Gun_politics	
charge	B	charge	http://dbpedia.org/resource/Criminal_charge	
.				
)				
				
In				
a				
sense				
it				
’				
s				
an				
improvement				
on				
“				
Rebirth	B	Rebirth	http://dbpedia.org/resource/Rebirth_(Lil_Wayne_album)	
,				
”				
even				
if				
a				
couple				
of				
the				
songs				
bear				
the				
scars	B	scars	http://dbpedia.org/resource/Scar	
of				
that				
period				
,				
particularly				
the				
Rick				
Rubinesque				
title				
track				
,				
and				
“				
Popular				
,				
”				
which				
has				
some				
of				
the				
new				
wave				
sizzle				
he				
was				
toying				
with				
.				
				
The				
short				
,				
bearded				
man	B	man	http://dbpedia.org/resource/Man	
in				
the				
tutu	B	tutu	http://dbpedia.org/resource/Ballet_tutu	
wanders				
onstage				
,				
an				
accordion	B	accordion	http://dbpedia.org/resource/Accordion	
strapped				
to				
his				
back				
like				
a				
rucksack	B	rucksack	http://dbpedia.org/resource/Backpack	
.				
				
A				
tall				
dance	B	dance	http://dbpedia.org/resource/Dance	
feigns				
clumsiness				
with				
a				
slyly				
graceful				
gawkiness				
that				
would				
do				
Buster	B	Buster_Keaton	http://dbpedia.org/resource/Buster_Keaton	Buster_Keaton
Keaton	I	Buster_Keaton	http://dbpedia.org/resource/Buster_Keaton	Buster_Keaton
proud				
,				
stumbling				
around				
a				
ladder	B	ladder	http://dbpedia.org/resource/Ladder	
and				
a				
chair	B	chair	http://dbpedia.org/resource/Chair	
to				
the				
delight				
of				
the				
audience	B	audience	http://dbpedia.org/resource/Audience	
.				
				
Sasha	B	Sasha_Waltz	http://dbpedia.org/resource/Sasha_Waltz	
Waltz	I	Sasha_Waltz	http://dbpedia.org/resource/Sasha_Waltz	
&				
Guests				
(				
pictured				
)				
,				
named				
for				
its				
choreographer	B	choreographer	http://dbpedia.org/resource/Choreography	
,				
is				
the				
house	B	house_dance	http://dbpedia.org/resource/House_dance	
dance	I	house_dance	http://dbpedia.org/resource/House_dance	
ensemble				
at				
Radialsystem				
V				
(				
Holzmarktstr				
,				
33				
;				
radialsystem				
.				
de				
)				
,				
a				
performance	B	performance	http://dbpedia.org/resource/Performance	
space				
that				
opened				
in				
2006	B	2006	http://dbpedia.org/resource/2006	
in				
an				
old				
brick	B	brick	http://dbpedia.org/resource/Brick	
Gothic	B	Gothic	http://dbpedia.org/resource/Gothic_architecture	Gothic_architecture
pumping	B	pumping_station	http://dbpedia.org/resource/Pumping_station	
station	I	pumping_station	http://dbpedia.org/resource/Pumping_station	
on				
the				
Spree	B	Spree	http://dbpedia.org/resource/Spree	Spree
River				Spree
in				
Berlin	B	Berlin	http://dbpedia.org/resource/Berlin	Berlin
.				
				
Even				
though				
Berlin	B	Berlin	http://dbpedia.org/resource/Berlin	Berlin
know				
about				
the				
dance	B	dance_troupe	http://dbpedia.org/resource/Dance_troupe	
troupe	I	dance_troupe	http://dbpedia.org/resource/Dance_troupe	
,				
visitors				
often				
miss				
its				
frequently				
sold				
-				
out				
performance	B	performance	http://dbpedia.org/resource/Performance	
in				
the				
towering				
space				
of				
the				
former				
machine	B	machine	http://dbpedia.org/resource/Machine	
hall	B	hall	http://dbpedia.org/resource/Hall	
and				
boiler	B	boiler	http://dbpedia.org/resource/Boiler	
room	B	room	http://dbpedia.org/resource/Room	
of				
the				
pumping	B	pumping_station	http://dbpedia.org/resource/Pumping_station	
station	I	pumping_station	http://dbpedia.org/resource/Pumping_station	
.				
				
Radialsystem				
V				
,				
miles	B	miles	http://dbpedia.org/resource/Mile	
away				
from				
the				
German	B	German_capital’s	http://dbpedia.org/resource/Berlin	Germany
capital	I	German_capital’s	http://dbpedia.org/resource/Berlin	
’	I	German_capital’s	http://dbpedia.org/resource/Berlin	
s	I	German_capital’s	http://dbpedia.org/resource/Berlin	
grand				
boulevard	B	boulevard	http://dbpedia.org/resource/Boulevard	
of				
Unter	B	Unter_den_Linden	http://dbpedia.org/resource/Unter_den_Linden	Unter_den_Linden
den	I	Unter_den_Linden	http://dbpedia.org/resource/Unter_den_Linden	Unter_den_Linden
Linden	I	Unter_den_Linden	http://dbpedia.org/resource/Unter_den_Linden	Unter_den_Linden
,				
is				
surrounded				
by				
a				
cluster				
of				
gritty				
nightclubs	B	nightclubs	http://dbpedia.org/resource/Nightclub	
near				
the				
Ostbahnhof	B	Ostbahnhof	http://dbpedia.org/resource/Berlin_Ostbahnhof	Berlin_Ostbahnhof
train				
station				
.				
				
During				
warmer				
months	B	months	http://dbpedia.org/resource/Month	
,				
a				
casual				
passer				
-				
by				
without				
a				
ticket	B	ticket	http://dbpedia.org/resource/Ticket_(admission)	
to				
the				
night				
’				
s				
performance	B	performance	http://dbpedia.org/resource/Performance	
can				
enjoy				
a				
cappuccino	B	cappuccino	http://dbpedia.org/resource/Cappuccino	
with				
the				
dance	B	dance	http://dbpedia.org/resource/Dance	
aficionados				
on				
the				
waterfront				
terrace				
,				
but				
the				
main				
draw				
is				
the				
celebrated				
Ms				
.				
Waltz				Waltz
and				
her				
dance	B	dance	http://dbpedia.org/resource/Dance	
,				
interlocked				
in				
twisted				
,				
shifting				
embraces				
.				
				
“				
LIFE				
ON				
A				
LEAF	B	LEAF	http://dbpedia.org/resource/Leaf	Leaf
,				
”				
a				
whimsical				
yellow	B	yellow	http://dbpedia.org/resource/Yellow	
house	B	house	http://dbpedia.org/resource/House	
that				
sits				
in				
a				
wooded				
park	B	park	http://dbpedia.org/resource/Park	
at				
the				
edge				
of				
Turku	B	Turku	http://dbpedia.org/resource/Turku	Turku
in				
southern				
Finland	B	Finland	http://dbpedia.org/resource/Finland	Finland
,				
is				
a				
lopsided				
construction				
with				
a				
bright				
red	B	red	http://dbpedia.org/resource/Red	
,				
blue	B	blue	http://dbpedia.org/resource/Blue	
and				
green	B	green	http://dbpedia.org/resource/Green	
roof	B	roof	http://dbpedia.org/resource/Roof	
and				
a				
leaf	B	leaf-shaped	http://dbpedia.org/resource/Leaf_shape	
-	I	leaf-shaped	http://dbpedia.org/resource/Leaf_shape	
shaped	I	leaf-shaped	http://dbpedia.org/resource/Leaf_shape	
floor	B	floor_plan	http://dbpedia.org/resource/Floor_plan	
plan	I	floor_plan	http://dbpedia.org/resource/Floor_plan	
.				
				
Inside				
,				
it				
’				
s				
even				
wackier				
:				
curved	B	curved	http://dbpedia.org/resource/Curve	
walls	B	walls	http://dbpedia.org/resource/Wall	
,				
windows	B	windows	http://dbpedia.org/resource/Window	
in				
the				
shape	B	shape	http://dbpedia.org/resource/Shape	
of				
teardrops	B	teardrops	http://dbpedia.org/resource/Drop_(liquid)	
,				
and				
a				
catwalk	B	catwalk	http://dbpedia.org/resource/Runway_(fashion)	
with				
a				
tiny				
video	B	video	http://dbpedia.org/resource/Video	
screen				
embedded				
in				
the				
floor	B	floor	http://dbpedia.org/resource/Floor	
that				
shows				
an				
endless				
loop				
of				
antlike				
commuters	B	commuters	http://dbpedia.org/resource/Commuting	
rushing				
through				
Grand	B	Grand_Central_Terminal	http://dbpedia.org/resource/Grand_Central_Terminal	Grand_Central_Terminal
Central	I	Grand_Central_Terminal	http://dbpedia.org/resource/Grand_Central_Terminal	Grand_Central_Terminal
Terminal	I	Grand_Central_Terminal	http://dbpedia.org/resource/Grand_Central_Terminal	Grand_Central_Terminal
in				
New	B	New_York	http://dbpedia.org/resource/New_York_City	New_York_City
York	I	New_York	http://dbpedia.org/resource/New_York_City	New_York_City
.				
				
On				
an				
unseasonably				
warm				
September	B	September	http://dbpedia.org/resource/September	
morning				
I				
traveled				
to				
the				
Leaf				Leaf
house	B	house	http://dbpedia.org/resource/House	
,				
which				
has				
become				
something				
of				
a				
local				
landmark	B	landmark	http://dbpedia.org/resource/Landmark	
,				
passing				
Turku	B	Turku’s_harbor	http://dbpedia.org/resource/Port_of_Turku	Turku
’	I	Turku’s_harbor	http://dbpedia.org/resource/Port_of_Turku	
s	I	Turku’s_harbor	http://dbpedia.org/resource/Port_of_Turku	
harbor	I	Turku’s_harbor	http://dbpedia.org/resource/Port_of_Turku	
overlooked				
by				
pine				
-				
forested				
hills				
,				
then				
turning				
into				
a				
clearing				
in				
the				
woods	B	woods	http://dbpedia.org/resource/Woodland	
.				
				
Jan				
-				
Erik				
Andersson				
—				
the				
artist	B	artist	http://dbpedia.org/resource/Artist	
,				
sculptor	B	sculptor	http://dbpedia.org/resource/Sculpture	
and				
interior	B	interior_designer	http://dbpedia.org/resource/Interior_design	
designer	I	interior_designer	http://dbpedia.org/resource/Interior_design	
who				
,				
with				
contributions				
from				
20				
other				
artists	B	artists	http://dbpedia.org/resource/Artist	
,				
created				
the				
place				
,				
and				
gives				
tours				
to				
groups				
of				
visitors				
who				
make				
arrangements				
in				
advance				
—				
was				
waiting				
for				
me				
.				
				
On				
the				
front				
lawn				
we				
lingered				
in				
front				
of				
his				
work				
-				
in				
-				
progress				
:				
a				
fiberglass	B	fiberglass	http://dbpedia.org/resource/Fiberglass	
sauna	B	sauna	http://dbpedia.org/resource/Sauna	
shaped	B	shaped	http://dbpedia.org/resource/Shape	
like				
a				
garlic	B	garlic	http://dbpedia.org/resource/Garlic	
clove				
,				
one				
of				
five				
Finnish	B	Finnish_bathhouses	http://dbpedia.org/resource/Finnish_sauna	Finland
bathhouses	I	Finnish_bathhouses	http://dbpedia.org/resource/Finnish_sauna	
that				
will				
be				
on				
display				
in				
SaunaLab				
,				
an				
exhibition	B	exhibition	http://dbpedia.org/resource/Exhibition	
at				
Turku	B	Turku	http://dbpedia.org/resource/Turku	Turku
2011	B	2011	http://dbpedia.org/resource/2011	
,				
the				
coming				
yearlong				
culture	B	culture	http://dbpedia.org/resource/Culture	
festival	B	festival	http://dbpedia.org/resource/Festival	
.				
				
“				
IF				
you				
can				
’				
t				
say				
something				
good				
about				
someone				
,				
sit				
right				
here				
by				
me				
,				
”				
Alice	B	Alice_Roosevelt_Longworth	http://dbpedia.org/resource/Alice_Roosevelt_Longworth	Alice_Roosevelt_Longworth
Roosevelt	I	Alice_Roosevelt_Longworth	http://dbpedia.org/resource/Alice_Roosevelt_Longworth	Alice_Roosevelt_Longworth
Longworth	I	Alice_Roosevelt_Longworth	http://dbpedia.org/resource/Alice_Roosevelt_Longworth	Alice_Roosevelt_Longworth
,				
a				
self				
-				
proclaimed				
“				
hedonist	B	hedonist	http://dbpedia.org/resource/Hedonism	
,				
”				
used				
to				
say				
.				
				
But				
it				
seems				
the				
greater				
pleasure				
comes				
from				
more				
temperate				
gossip	B	gossip	http://dbpedia.org/resource/Gossip	
.				
				
New				
research	B	research	http://dbpedia.org/resource/Research	
finds				
that				
gossiping	B	gossiping	http://dbpedia.org/resource/Gossip	
can				
be				
good				
for				
you				
—				
as				
long				
as				
you				
have				
something				
nice				
to				
say				
.				
				
In				
a				
presentation	B	presentation	http://dbpedia.org/resource/Presentation	
in				
September	B	September	http://dbpedia.org/resource/September	
,				
Jennifer				
Cole				
,				
a				
social	B	social_psychologist	http://dbpedia.org/resource/Social_psychology	
psychologist	I	social_psychologist	http://dbpedia.org/resource/Social_psychology	
,				
and				
Hannah				
Scrivener				
reported				
results				
from				
two				
related				
studies				
,				
both				
of				
which				
demonstrate				
that				
it				
’				
s				
in				
one				
’				
s				
self				
-				
interest				
to				
say				
“				
So				
-				
and				
-				
so				
’				
s				
second				
husband	B	husband	http://dbpedia.org/resource/Husband	
is				
adorable				
”				
rather				
than				
“				
She				
married				
that				
lout				
?				
”				
				
In				
the				
first				
study				
,				
intended				
to				
measure				
a				
person	B	person	http://dbpedia.org/resource/Person	
’				
s				
short	B	short-term	http://dbpedia.org/resource/Term_(time)	
-	I	short-term	http://dbpedia.org/resource/Term_(time)	
term	I	short-term	http://dbpedia.org/resource/Term_(time)	
emotional	B	emotional	http://dbpedia.org/resource/Emotion	
reaction				
to				
gossiping	B	gossiping	http://dbpedia.org/resource/Gossip	
,				
140				
men	B	men	http://dbpedia.org/resource/Man	
and				
women	B	women	http://dbpedia.org/resource/Woman	
,				
primarily				
undergraduates	B	undergraduates	http://dbpedia.org/resource/Undergraduate_education	
,				
were				
asked				
to				
talk				
about				
a				
fictional	B	fictional	http://dbpedia.org/resource/Fiction	
person	B	person	http://dbpedia.org/resource/Person	
either				
positively				
or				
negatively				
.				
				
The				
second				
study				
,				
which				
looked				
into				
the				
long	B	long-term	http://dbpedia.org/resource/Term_(time)	
-	I	long-term	http://dbpedia.org/resource/Term_(time)	
term	I	long-term	http://dbpedia.org/resource/Term_(time)	
effects				
of				
gossiping	B	gossiping	http://dbpedia.org/resource/Gossip	
on				
well				
-				
being				
,				
had				
160				
participants				
,				
mostly				
female	B	female	http://dbpedia.org/resource/Female	
undergrads	B	undergrads	http://dbpedia.org/resource/Undergraduate_education	
,				
fill				
out				
questionnaires	B	questionnaires	http://dbpedia.org/resource/Questionnaire	
about				
their				
tendency				
to				
gossip	B	gossip	http://dbpedia.org/resource/Gossip	
,				
their				
self	B	self-esteem	http://dbpedia.org/resource/Self-esteem	
-	I	self-esteem	http://dbpedia.org/resource/Self-esteem	
esteem	I	self-esteem	http://dbpedia.org/resource/Self-esteem	
and				
their				
perceived				
social	B	social_support	http://dbpedia.org/resource/Social_support	
support	I	social_support	http://dbpedia.org/resource/Social_support	
.				
				
