#Astros	B	Houston_Astros	http://en.wikipedia.org/wiki/Houston_Astros	
lineup	O			
for	O			
tonight	O			
.	O			
Keppinger	B	Jeff_Keppinger	http://en.wikipedia.org/wiki/Jeff_Keppinger	Jeff_Keppinger
sits	O			
,	O			
Downs	B	Brodie_Downs	http://en.wikipedia.org/wiki/Brodie_Downs	Downs_(disambiguation)
plays	O			
2B	O			
,	O			
CJ	B	--NME--	--NME--	
bats	O			
5th	O			
.	O			
@alysonfooter	O			
http://bit.ly/bHvgCS	O			
				
If	O			
you	O			
are	O			
staying	O			
in	O			
Gainesville	B	Gainesville,_Florida	http://en.wikipedia.org/wiki/Gainesville,_Florida	Gainesville,_Florida
,	O			
come	O			
check	O			
out	O			
Costa	B	--NME--	--NME--	
Lounge	I	--NME--	--NME--	
TONIGHT	O			
!	O			
Say	O			
you	O			
are	O			
with	O			
salsa	B	--NME--	--NME--	
caliente	I	--NME--	--NME--	
and	O			
get	O			
in	O			
...	O			
http://fb.me/FZVzm8H9	O			
				
JV	B			
soccer	I			
leads	O			
4-1	O			
after	O			
Benitez	B	--NME--	--NME--	
scores	O			
again	O			
,	O			
less	O			
than	O			
7	O			
mins	O			
to	O			
play	O			
				
Ah	O			
a	O			
Friday	O			
night	O			
free	O			
!	O			
Avin	O			Sigal_Avin
a	O			
drink	O			
with	O			
friends	O			
.	O			
Lent	O			
the	O			
T4	O			
to	O			
friend	O			
to	O			
camp	O			
in	O			
.	O			
Off	O			
camping	O			
to	O			
Robinhoods	B	Robin_Hood_Bay	http://en.wikipedia.org/wiki/Robin_Hood_Bay	
bay	I	Robin_Hood_Bay	http://en.wikipedia.org/wiki/Robin_Hood_Bay	
In	O			
Jasmin	B	--NME--	--NME--	Jasmin_(disambiguation)
.	O			
Good	O			
weekend	O			
				
Last	O			
film	O			
I	O			
can	O			
watch	O			
on	O			
a	O			
decent	O			
telly	O			
for	O			
a	O			
while	O			
tonight	O			
.	O			
Kick-Ass	B	Kick-Ass_%28film%29	http://en.wikipedia.org/wiki/Kick-Ass_%28film%29	
is	O			
very	O			
tempting	O			
indeed	O			
.	O			
				
After	O			
I	O			
pet	O			
a	O			
kitten	O			
on	O			
JFK	B	John_F._Kennedy_International_Airport	http://en.wikipedia.org/wiki/John_F._Kennedy_International_Airport	John_F._Kennedy
,	O			
the	O			
owners	O			
informed	O			
me	O			
it	O			
's	O			
'	O			
double-pawed	O			
'	O			
(	O			
polydactyl)	O			
,	O			
which	O			
is	O			
"	O			
a	O			
form	O			
of	O			
retardation	O			
in	O			
the	O			
animal	O			
kingdom	O			
"	O			
				
@vogueglamGIRL	O			
Ah	O			
I	O			
know	O			
!	O			
She	O			
is	O			
simply	O			
the	O			
best	O			
in	O			
The	O			
Sept	O			
Issue	O			
.	O			
My	O			
boyfriend	O			
's	O			
aunt	O			
worked	O			
for	O			
Anna	B	Anna_Wintour‎	http://en.wikipedia.org/wiki/Anna_Wintour	Anna_Wintour
Wintor	I	Anna_Wintour‎	http://en.wikipedia.org/wiki/Anna_Wintour	Anna_Wintour
in	O			
NY	O			New_York
.	O			
				
Time	O			
to	O			
begin	O			
looking	O			
for	O			
somewhere	O			
to	O			
live	O			
around	O			
Coolum	B	Coolum_Beach,_Queensland	http://en.wikipedia.org/wiki/Coolum_Beach,_Queensland	Coolum_Beach,_Queensland
.	O			
Sun	O			
,	O			
sand	O			
,	O			
surf	O			
and	O			
bikinis	O			
.	O			
Looking	O			
forward	O			
to	O			
my	O			
new	O			
phase	O			
in	O			
life	O			
.	O			
				
Costa	O			Costa_Rica
Rican	O			Costa_Rica
group	O			
CocoFunka	B	--NME--	--NME--	
power	O			
this	O			
week	O			
's	O			
Indiesent	B	--NME--	--NME--	
Exposure	I	--NME--	--NME--	
http://ht.ly/2G4nS	O			
by	O			
@fuseboxradio	O			
on	O			
@planetill	O			
				
@Phoebe1_	O			
and	O			
i	O			
also	O			
loved	O			
the	O			
last	O			
years	O			
eurovision	O			
entry	O			
!!	O			
hoppaa	O			
!	O			
they	O			
were	O			
cool	O			
too	O			
!!	O			
				
@Mys_Perdita	O			
ha	O			
ye	O			
theyr	O			
may	O			
be	O			
severe	O			
consiquences	O			
of	O			
our	O			
meeting	O			
like	O			
the	O			
waypeople	O			
talk	O			
bout	O			
theday	O			
sum1	O			
told	O			
adolf	O			
he	O			
wasnt	O			
blond	O			
enuf	O			
:	O			
S	O			
				
When	O			
the	O			
last	O			
time	O			
you	O			
ran	O			
into	O			
Rick	B	Rick_Ross	http://en.wikipedia.org/wiki/Rick_Ross	Rick_Ross
Ross	I	Rick_Ross	http://en.wikipedia.org/wiki/Rick_Ross	Rick_Ross
and	O			
Drake	B	Drake_(rapper)	http://en.wikipedia.org/wiki/Drake_(rapper)	Drake_(rapper)
twice	O			
in	O			
the	O			
same	O			
day	O			
at	O			
2	O			
diff	O			
video	O			
shoot	O			
locations	O			
.	O			
Today	O			
I	O			
did	O			
!	O			
				
Aggressive	O			
Kids	O			
With	O			
ADHD	B	Attention_deficit_hyperactivity_disorder	http://en.wikipedia.org/wiki/Attention_deficit_hyperactivity_disorder	
May	O			
Not	O			
Need	O			
Antipsychotic	O			
Meds	O			
http://t.co/JfGm0uH	O			
				
Today	O			
I	O			
got	O			
a	O			
promotion	O			
at	O			
work	O			
,	O			
and	O			
tomorrow	O			
I	O			
'm	O			
going	O			
home	O			
to	O			
Wisconsin	B	Wisconsin	http://en.wikipedia.org/wiki/Wisconsin	Wisconsin
for	O			
a	O			
few	O			
days	O			
.	O			
So	O			
content	O			
with	O			
life	O			
right	O			
now	O			
.	O			
:)	O			
				
Columbus	B	Columbus,_Georgia	http://en.wikipedia.org/wiki/Columbus,_Georgia	Columbus,_Ohio
,	O			
GA	B	Georgia_(U.S._state)	http://en.wikipedia.org/wiki/Georgia_(U.S._state)	Ga_(disambiguation)
:	O			
@TimmNintey146	O			
and	O			
'll	O			
be	O			
mixing	O			
an	O			
80	O			
's	O			
and	O			
other	O			
throwbacks	O			
dance	O			
party	O			
tonight	O			
at	O			
eighty-five	O			
.	O			
Come	O			
kickit	O			
!	O			
				
Oh	O			
before	O			
I	O			
forget	O			
good	O			
luck	O			
also	O			
to	O			
the	O			
cherry	O			
and	O			
whites	O			
against	O			
London	B	London_Irish‎	http://en.wikipedia.org/wiki/London_Irish	London_Irish
Irish	I	London_Irish‎	http://en.wikipedia.org/wiki/London_Irish	London_Irish
.	O			
Only	O			
a	O			
win	O			
will	O			
do	O			
.	O			
Gives	O			
me	O			
more	O			
excuses	O			
to	O			
celebrate	O			
!	O			
				
Yo	O			
kids	O			
!	O			
Today	O			
's	O			
ACF	B	--NME--	--NME--	
Friday	I	--NME--	--NME--	
Large	I	--NME--	--NME--	
Group	I	--NME--	--NME--	
is	O			
at	O			
PITT	B	University_of_Pittsburgh	http://en.wikipedia.org/wiki/University_of_Pittsburgh	
University	I	University_of_Pittsburgh	http://en.wikipedia.org/wiki/University_of_Pittsburgh	
!	O			
It	O			
's	O			
at	O			
Cathedral	B	Cathedral_of_Learning	http://en.wikipedia.org/wiki/Cathedral_of_Learning	
of	I	Cathedral_of_Learning	http://en.wikipedia.org/wiki/Cathedral_of_Learning	
Learning	I	Cathedral_of_Learning	http://en.wikipedia.org/wiki/Cathedral_of_Learning	
G24	I	Cathedral_of_Learning	http://en.wikipedia.org/wiki/Cathedral_of_Learning	
at	O			
7pm	O			
!	O			
Be	O			
sure	O			
to	O			
check	O			
it	O			
out	O			
!	O			
				
dude	O			
got	O			
gucci	B	Gucci	http://en.wikipedia.org/wiki/Gucci	
symbol	O			
tatted	O			
all	O			
over	O			
his	O			
face	O			
http://mediacheckout.blogspot.com/2010/09/nuh-uhhhhhhh-yesterday-we-showed-you.html	O			
				
RT	O			
@DaymiCarolina	O			
:	O			
Yayaayayay	O			
kings	B	Kings_of_Leon	http://en.wikipedia.org/wiki/Kings_of_Leon	
of	I	Kings_of_Leon	http://en.wikipedia.org/wiki/Kings_of_Leon	
leon	I	Kings_of_Leon	http://en.wikipedia.org/wiki/Kings_of_Leon	
tonight	O			
!!!	O			
				
RT	O			
@therbertson	O			
:	O			
Just	O			
saw	O			
the	O			
worst	O			
movie	O			
in	O			
years	O			
...	O			
Piranha	B	Piranha_3D	http://en.wikipedia.org/wiki/Piranha_3D	Piranha_3D
3D	I	Piranha_3D	http://en.wikipedia.org/wiki/Piranha_3D	Piranha_3D
just	O			
exceeded	O			
the	O			
limits	O			
of	O			
crappyness	O			
.	O			
|	O			
Glad	O			
you	O			
enjoyed	O			
it	O			
.	O			
				
@pjames	O			
Add	O			
a	O			
little	O			
Belanger	O			Belanger_(disambiguation)
,	O			
and	O			
you	O			
've	O			
got	O			
it	O			
!	O			
Of	O			
course	O			
...	O			
after	O			
his	O			
household	O			
items	O			
arrive	O			
from	O			
D	O			
.	O			
C	O			
.	O			
				
@bookpage	O			
We	O			
should	O			
've	O			
scheduled	O			
a	O			
meeting	O			
with	O			
Trisha	B	--NME--	--NME--	Trisha_(actress)
in	O			
Paris	B	--NME--	--NME--	Paris
for	O			
this	O			
week	O			
...	O			
#deau	O			
				
@BenArch	O			
100-	O			
Tim	B	--NME--	--NME--	
Bulmer	I	--NME--	--NME--	
had	O			
a	O			
100%	O			
likelihood	O			
of	O			
getting	O			
his	O			
YPF	O			YPF
detail	O			
form	O			
in	O			
this	O			
week	O			
.	O			
Punctuality	O			
.	O			
				
RT	O			
@ajc	O			
:	O			
Today	O			
's	O			
the	O			
102nd	O			
birthday	O			
of	O			
the	O			
American	B	National_Football_League	http://en.wikipedia.org/wiki/National_Football_League	National_Football_League
Professional	I	National_Football_League	http://en.wikipedia.org/wiki/National_Football_League	National_Football_League
Football	I	National_Football_League	http://en.wikipedia.org/wiki/National_Football_League	National_Football_League
Association	I	National_Football_League	http://en.wikipedia.org/wiki/National_Football_League	National_Football_League
(	O			
we	O			
call	O			
it	O			
the	O			
NFL)	B	National_Football_League‎	http://en.wikipedia.org/wiki/National_Football_League	
.	O			
First	O			
draft	O			
choice	O			
:	O			
Brett	B	Brett_Favre	http://en.wikipedia.org/wiki/Brett_Favre	Brett_Favre
Favre	I	Brett_Favre	http://en.wikipedia.org/wiki/Brett_Favre	Brett_Favre
.	O			
				
A	O			
FUN	O			
movie	O			
for	O			
the	O			
kids-	O			
Alpha	B	Alpha_and_Omega_(film)	http://en.wikipedia.org/wiki/Alpha_and_Omega_(film)	
&amp;	I	Alpha_and_Omega_(film)	http://en.wikipedia.org/wiki/Alpha_and_Omega_(film)	
Omega	I	Alpha_and_Omega_(film)	http://en.wikipedia.org/wiki/Alpha_and_Omega_(film)	
(	O			
PG	O			
)	O			
Friday	O			
5:00	O			
,	O			
7:00	O			
,	O			
8:45	O			
,	O			
Saturday-	O			
1:30	O			
,	O			
3:15	O			
,	O			
5:00	O			
,	O			
7:00	O			
,	O			
8:45	O			
,...	O			
http://fb.me/IiraJpe3	O			
				
I	O			
may	O			
have	O			
been	O			
wrong	O			
about	O			
Murkowski	B	Lisa_Murkowski	http://en.wikipedia.org/wiki/Lisa_Murkowski	Lisa_Murkowski
,	O			
look	O			
like	O			
she	O			
's	O			
going	O			
to	O			
turn	O			
Friday	O			
news	O			
dump	O			
on	O			
its	O			
head	O			
.	O			
three-way	O			
race	O			
reportedly	O			
ahead	O			
in	O			
AK	B	Alaska	http://en.wikipedia.org/wiki/Alaska	Alaska
.	O			
				
RT	O			
@HippoArmy	O			
:	O			
Thousands	O			
of	O			
angry	O			
masturbators	O			
marched	O			
against	O			
Christine	B			Christine_O'Donnell
O'Donnell	I	Christine_O%27Donnell	http://en.wikipedia.org/wiki/Christine_O%27Donnell	Christine_O'Donnell
today	O	Christine_O%27Donnell	http://en.wikipedia.org/wiki/Christine_O%27Donnell	
http://bit.ly/9nTWQw	O	Christine_O%27Donnell	http://en.wikipedia.org/wiki/Christine_O%27Donnell	
Seriously	O	Christine_O%27Donnell	http://en.wikipedia.org/wiki/Christine_O%27Donnell	
.	O			
				
Beer	O			
after	O			
golf	O			
??	O			
Give	O			
me	O			
a	O			
hell	O			
yeah	O			
!!	O			
(@	O			
White	B	--NME--	--NME--	
Eagle	I	--NME--	--NME--	
)	O			
http://4sq.com/b5Wloc	O			
				
RT	O			
@eljmayes	O			
:	O			
Ladbrokes	O			
Labour	O			
Leadership	O			
Market-	O			
http://bit.ly/cD3Rn8	O			
Ed	B	Ed_Miliband	http://en.wikipedia.org/wiki/Ed_Miliband	Ed_Miliband
Miliband	I	Ed_Miliband	http://en.wikipedia.org/wiki/Ed_Miliband	Ed_Miliband
's	O			
odds	O			
have	O			
shortened	O			
significantly	O			
in	O			
the	O			
last	O			
week	O			
.	O			
				
;	O			
I	O			
can	O			
upgrade	O			
to	O			
a	O			
BlackBerry	B	--NME--	--NME--	
in	O			
November	O			
!!	O			
Yesss	O			
.	O			
&lt;	O			
3	O			
BB	B	BlackBerry_Bold‎	http://en.wikipedia.org/wiki/BlackBerry_Bold	
Bold	I	BlackBerry_Bold‎	http://en.wikipedia.org/wiki/BlackBerry_Bold	
,	O			
here	O			
I	O			
come	O			
!	O			
				
Driving	O			
,	O			
driving	O			
,	O			
driving	O			
away	O			
to	O			
Phil	B	Philadelphia‎	http://en.wikipedia.org/wiki/Philadelphia	
.	O			
Tasty	O			
dinner	O			
tonight	O			
with	O			
the	O			
Society	B	--NME--	--NME--	
of	I	--NME--	--NME--	
Mining	I	--NME--	--NME--	
and	I	--NME--	--NME--	
Metallurgy	I	--NME--	--NME--	
Engineers	I	--NME--	--NME--	
.	O			
				
moving	O			
to	O			
the	O			
UK	B	United_Kingdom	http://en.wikipedia.org/wiki/United_Kingdom	United_Kingdom
in	O			
approx	O			
12	O			
days	O			
				
Lingerie	B	Legends_Football_League	http://en.wikipedia.org/wiki/Legends_Football_League	
football	I	Legends_Football_League	http://en.wikipedia.org/wiki/Legends_Football_League	
league	I	Legends_Football_League	http://en.wikipedia.org/wiki/Legends_Football_League	
come	O			
on	O			
tonight	O			
				
On	O			
Thanksgiving	B	Thanksgiving	http://en.wikipedia.org/wiki/Thanksgiving	
after	O			
you	O			
done	O			
eating	O			
its	O			
#TimeToGetOut	O			
unless	O			
you	O			
wanna	O			
help	O			
with	O			
the	O			
dishes	O			
				
I	O			
want	O			
it	O			
NOW	O			
!	O			
;)	O			
RT	O			
:	O			
@corsairartisan	O			
Pumpkin	B	--NME--	--NME--	
Moonshine	I	--NME--	--NME--	
has	O			
arrived	O			
in	O			
Nashville	B	Nashville,_Tennessee	http://en.wikipedia.org/wiki/Nashville,_Tennessee	Nashville,_Tennessee
--	O			
Give	O			
it	O			
a	O			
week	O			
to	O			
get	O			
it	O			
in	O			
stores	O			
.	O			
KY	B	--NME--	--NME--	Kentucky
ships	O			
next	O			
week	O			
!	O			
				
Check	O			
this	O			
video	O			
out	O			
--	O			
Three	B	Three_Days_Grace‎	http://en.wikipedia.org/wiki/Three_Days_Grace	
Days	I	Three_Days_Grace‎	http://en.wikipedia.org/wiki/Three_Days_Grace	
Grace	I	Three_Days_Grace‎	http://en.wikipedia.org/wiki/Three_Days_Grace	
-	O			
Break	O			
(	O			
Official	O			
Music	O			
Video	O			
)	O			
[	O			
HQ	O			
]	O			
http://t.co/GOwCLQJ	O			
via	O			
@youtube	O			
				
The	B	--NME--	--NME--	
Metro	I	--NME--	--NME--	
Sept	O			
26	O			
Mannie	B	Mannie_Fresh	http://en.wikipedia.org/wiki/Mannie_Fresh	Mannie_Fresh
Fresh	I	Mannie_Fresh	http://en.wikipedia.org/wiki/Mannie_Fresh	Mannie_Fresh
and	O			
Jermaine	B	Jermaine_Dupri	http://en.wikipedia.org/wiki/Jermaine_Dupri	Jermaine_Dupri
Dupri	I	Jermaine_Dupri	http://en.wikipedia.org/wiki/Jermaine_Dupri	Jermaine_Dupri
fa	O			
da	O			
after	O			
party	O			
,	O			
holla	O			
at	O			
me	O			
fa	O			
ur	O			
tickets	O			
				
Yahoo	B	Yahoo!	http://en.wikipedia.org/wiki/Yahoo!	
:	O			
Jackie	B	Jacqueline_Kennedy_Onassis	http://en.wikipedia.org/wiki/Jacqueline_Kennedy_Onassis	Jackie_Jackson
joins	O			
Twitter	B	Twitter	http://en.wikipedia.org/wiki/Twitter	Twitter
50	O			
years	O			
after	O			
JFK	B	John_F._Kennedy	http://en.wikipedia.org/wiki/John_F._Kennedy	John_F._Kennedy
campaign	O			
:	O			
Had	O			
Twitter	B	Twitter	http://en.wikipedia.org/wiki/Twitter	Twitter
been	O			
an	O			
option	O			
in	O			
1960	O			
,	O			
a	O			
pregnant	O			
Jacquelin	B	Jacqueline_Kennedy_Onassis	http://en.wikipedia.org/wiki/Jacqueline_Kennedy_Onassis	Jacquelin_Holzman
...	O			
http://yhoo.it/9VAD4A	O			
				
Cant	O			
wait	O			
for	O			
the	O			
ravens	B	Baltimore_Ravens	http://en.wikipedia.org/wiki/Baltimore_Ravens	
game	O			
tomorrow	O			
....	O			
go	O			
ray	B	Ray_Rice‎	http://en.wikipedia.org/wiki/Ray_Rice	
rice	I	Ray_Rice‎	http://en.wikipedia.org/wiki/Ray_Rice	
!!!!!!!	O			
				
Always	O			
kinda	O			
awkward	O			
when	O			
you	O			
get	O			
the	O			
chat	O			
group	O			
wrong	O			
in	O			
WoW	B	World_of_Warcraft	http://en.wikipedia.org/wiki/World_of_Warcraft	
.	O			
Sometimes	O			
you	O			
don't	O			
want	O			
the	O			
tank	O			
to	O			
know	O			
you're	O			
dissin	O			
'	O			
him	O			
.	O			
Oops	O			
.	O			
				
Wtf	O			
do	O			
i	O			
have	O			
a	O			
stupid	O			
3hr	O			
shift	O			
tonight	O			
!!	O			
I	O			
wanna	O			
go	O			
out	O			
and	O			
have	O			
fun	O			
:(	O			
Oh	O			
well	O			
time	O			
to	O			
watch	O			
some	O			
Jersey	B			Jersey_Shore
Shore	I			Jersey_Shore
haha	O			
				
At	O			
7pm	O			
we'll	O			
show	O			
the	O			
Awarded	O			
movie	O			
"	O			
Agora	B	Agora_%28film%29	http://en.wikipedia.org/wiki/Agora_%28film%29	Agora_(disambiguation)
"	O			
by	O			
Spanish	O			Spain
director	O			
Alex	B	Alejandro_Amenabar	http://en.wikipedia.org/wiki/Alejandro_Amenabar	
Amenabar	I	Alejandro_Amenabar	http://en.wikipedia.org/wiki/Alejandro_Amenabar	
who	O			
directed	O			
"	O			
Mar	B	The_Sea_Inside	http://en.wikipedia.org/wiki/The_Sea_Inside	The_Sea_Inside
Adentro	I	The_Sea_Inside	http://en.wikipedia.org/wiki/The_Sea_Inside	The_Sea_Inside
"	O			
(	O			
"	O			
The	B	The_Sea_Inside	http://en.wikipedia.org/wiki/The_Sea_Inside	The_Sea_Inside
Sea	I	The_Sea_Inside	http://en.wikipedia.org/wiki/The_Sea_Inside	The_Sea_Inside
Inside	I	The_Sea_Inside	http://en.wikipedia.org/wiki/The_Sea_Inside	The_Sea_Inside
"	O			
)	O			
.	O			
W/Rachel	B	Rachel_Weisz	http://en.wikipedia.org/wiki/Rachel_Weisz	
Weisz	I	Rachel_Weisz	http://en.wikipedia.org/wiki/Rachel_Weisz	
.	O			
				
Men	O			
's	O			
soccer	O			
vs	O			
.	O			
Crown	B	--NME--	--NME--	Crown_College_(Minnesota)
College	I	--NME--	--NME--	Crown_College_(Minnesota)
at	O			
home	O			
tomorrow	O			
at	O			
2	O			
pm	O			
.	O			
Come	O			
support	O			
your	O			
Eagles	B	--NME--	--NME--	Eagle
!	O			
Praying	O			
for	O			
you	O			
guys	O			
!	O			
				
#aberdeen	O			
RT	O			
@flook_firehose2010Polar	O			
Bear	O			
http://flook.it/c/1H1HZq	O			
Sun	O			
,	O			
17	O			
Oct	O			
2010	O			
at	O			
10:28	O			
am	O			
The	O			
Tunnels	O			
Carnegies	O			
Brae	O			
Aberdeen	O			
Un	O			
...	O			
				
Checking	O			
out	O			
this	O			
weeks	O			
tell	O			
'	O			
em	O			
Steve	B	Tell_'Em_Steve-Dave!	http://en.wikipedia.org/wiki/Tell_'Em_Steve-Dave!	
Dave	I	Tell_'Em_Steve-Dave!	http://en.wikipedia.org/wiki/Tell_'Em_Steve-Dave!	
Podcast	O			
				
@MakethisRalate	O			
good	O			
luck	O			
at	O			
Elliot	O			
Miner	O			
:D	O			
yous	O			
were	O			
greaaaat	O			
tonight	O			
&lt;	O			
3	O			
xx	O			
				
http://bit.ly/aTTQYq	O			
When	O			
Pepsi	B	PepsiCo	http://en.wikipedia.org/wiki/PepsiCo	Pepsi
to	O			
ring	O			
usually	O			
confirm	O			
to	O			
,	O			
winning	O			
a	O			
Nokia	B	Nokia_5800_XpressMusic‎	http://en.wikipedia.org/wiki/Nokia_5800_XpressMusic	Nokia
5800	I	Nokia_5800_XpressMusic‎	http://en.wikipedia.org/wiki/Nokia_5800_XpressMusic	
?	O			
				
Exclusive	O			
:	O			
Rep	O			
.	O			
Steve	B	Steve_King	http://en.wikipedia.org/wiki/Steve_King	Steve_King
King	I	Steve_King	http://en.wikipedia.org/wiki/Steve_King	Steve_King
on	O			
ObamaCare	O			
,	O			
Tea	O			Tea_Party_protests
Party	O			Tea_Party_protests
,	O			
and	O			
Constitution	B	Constitution_Day_(United_States)	http://en.wikipedia.org/wiki/Constitution_Day_(United_States)	Constitution_Day
Day	I	Constitution_Day_(United_States)	http://en.wikipedia.org/wiki/Constitution_Day_(United_States)	Constitution_Day
:	O			
The	O			
inclusion	O			
of	O			
the	O			
Tenth	O			Tenth_Amendment_to_the_United_States_Constitution
Amendment	O			Tenth_Amendment_to_the_United_States_Constitution
in	O			
...	O			
http://bit.ly/cYITA8	O			
				
Google	B	Google_Play_Music	http://en.wikipedia.org/wiki/Google_Play_Music	
Music	I	Google_Play_Music	http://en.wikipedia.org/wiki/Google_Play_Music	
Rumors	O			
:	O			
Labels	O			
Happy	O			
About	O			
iTunes	B	iTunes	http://en.wikipedia.org/wiki/iTunes	
Alternative	O			
?	O			
-	O			
Techland	B	--NME--	--NME--	
-	O			
TIME	O			
.	O			
com	O			
http://bit.ly/a4kSfV	O			
				
I	O			
liked	O			
a	O			
YouTube	B	YouTube	http://en.wikipedia.org/wiki/YouTube	
video	O			
--	O			
Family	B	Family_Guy	http://en.wikipedia.org/wiki/Family_Guy	
Guy	I	Family_Guy	http://en.wikipedia.org/wiki/Family_Guy	
-	O			
Songs	O			
Named	O			
After	O			
a	O			
Girl	O			
http://youtu.be/ErPsx8zdnX4?a	O			
				
In	O			
bed	O			
watching	O			
Day	O			
51	O			
HLs	O			
.	O			
(	O			
Awaiting	O			
Marcus	B	Marcus_Bentley	http://en.wikipedia.org/wiki/Marcus_Bentley	Marcus_Bentley
Bentley	I	Marcus_Bentley	http://en.wikipedia.org/wiki/Marcus_Bentley	Marcus_Bentley
!	O			
)	O			
#BB11	B	Big_Brother_(UK)	http://en.wikipedia.org/wiki/Big_Brother_(UK)	
				
Small	O			
Biz	O			
Tech	O			
Tour	O			
2010	O			
Launches	O			
Five	O			
City	O			
Tour	O			
MONTCLAIR	B	Montclair,_New_Jersey	http://en.wikipedia.org/wiki/Montclair,_New_Jersey	
N.J.	B	New_Jersey	http://en.wikipedia.org/wiki/New_Jersey	New_Jersey
...:	O	New_Jersey	http://en.wikipedia.org/wiki/New_Jersey	
The	O	New_Jersey	http://en.wikipedia.org/wiki/New_Jersey	
all	O	New_Jersey	http://en.wikipedia.org/wiki/New_Jersey	
day	O			
event	O			
features	O			
America's...	O			
http://tinyurl.com/28hd9fu	O			
#fb	O			
				
After	O			
a	O			
great	O			
two	O			
days	O			
of	O			
meetings	O			
with	O			
Houston	B	Houston	http://en.wikipedia.org/wiki/Houston	Houston
,	O			
Fes	B	--NME--	--NME--	Fes
is	O			
back	O			
in	O			
Salt	B	Salt_Lake_City	http://en.wikipedia.org/wiki/Salt_Lake_City	Salt_Lake_City
Lake	I	Salt_Lake_City	http://en.wikipedia.org/wiki/Salt_Lake_City	Salt_Lake_City
.	O			
				
Find	O			
us	O			
at	O			
Tipitina	B	Tipitina's	http://en.wikipedia.org/wiki/Tipitina's	
's	O			
tonight	O			
and	O			
mention	O			
that	O			
you're	O			
following	O			
us	O			
on	O			
Twitter	B	Twitter	http://en.wikipedia.org/wiki/Twitter	
and	O			
get	O			
a	O			
FREE	O			
Fried	O			
Mac	O			
N	O			
'	O			
Cheese	O			
ball	O			
with	O			
any	O			
order	O			
!	O			
				
Not	O			
only	O			
is	O			
it	O			
#BattlestarGalactica	O			
's	O			
32nd	O			
Anniversary	O			
,	O			
tonite	O			
is	O			
the	O			
3rd	O			
season	O			
premiere	O			
of	O			
#StarWars	O			
#TheCloneWars	O			
!!	O			
				
You	O			
Get	O			
What	O			
You	O			
Give	O			
~	O			
Zac	B	Zac_Brown_Band	http://en.wikipedia.org/wiki/Zac_Brown_Band	
Brown	I	Zac_Brown_Band	http://en.wikipedia.org/wiki/Zac_Brown_Band	
Band	I	Zac_Brown_Band	http://en.wikipedia.org/wiki/Zac_Brown_Band	
40	O			
days	O			
in	O			
the	O			
top	O			
100	O			
Release	O			
Date	O			
:	O			
September	O			
21	O			
,	O			
2010Buy	O			
new	O			
:	O			
$	O			
18.98	O			
$	O			
...	O			
http://amzn.to/9Cfkpc	O			
				
Greek	B	Greek_festival	http://en.wikipedia.org/wiki/Greek_festival	Greece
Festival	I	Greek_festival	http://en.wikipedia.org/wiki/Greek_festival	
at	O			
St	B	--NME--	--NME--	St._John's,_Newfoundland_and_Labrador
Johns	I	--NME--	--NME--	St._John's,_Newfoundland_and_Labrador
before	O			
ASPEN	B	--NME--	--NME--	Aspen,_Colorado
				
Snooth	O			
Talk	O			
:	O			
Zinfandel	O			
Port	O			
:	O			
This	O			
week	O			
is	O			
all	O			
about	O			
Zinfandel	O			Zinfandel
,	O			
and	O			
just	O			
last	O			
night	O			
I	O			
released	O			
a	O			
post	O			
on	O			
Zinfandel	O			
...	O			
http://bit.ly/972Sik	O			
				
After	B	--NME--	--NME--	
Eventide	I	--NME--	--NME--	
(	O			
Kindle	B	Amazon_Kindle	http://en.wikipedia.org/wiki/Amazon_Kindle	
Edition)By	O			
Catherine	B	--NME--	--NME--	
Olson	I	--NME--	--NME--	
Buy	O			
new	O			
:	O			
$	O			
6.49	O			
Customer	O			
R	O			
...	O			
http://tinyurl.com/25e59fk	O			
#twilight	O			
				
Jessica	B	Jessica_Simpson	http://en.wikipedia.org/wiki/Jessica_Simpson	Jessica_Simpson
Simpson	I	Jessica_Simpson	http://en.wikipedia.org/wiki/Jessica_Simpson	Jessica_Simpson
is	O			
PREGNANT	O			
!?!:	O			
Jessica	B	Jessica_Simpson	http://en.wikipedia.org/wiki/Jessica_Simpson	Jessica_Simpson
Simpson	I	Jessica_Simpson	http://en.wikipedia.org/wiki/Jessica_Simpson	Jessica_Simpson
is	O			
pregnant	O			
??	O			
Simpson	B	Jessica_Simpson	http://en.wikipedia.org/wiki/Jessica_Simpson	Jessica_Simpson
is	O			
pregnant	O			
with	O			
her	O			
barely	O			
4-month	O			
boyfrien	O			
...	O			
http://bit.ly/aoempS	O			
				
Don	B	Don_Mattingly	http://en.wikipedia.org/wiki/Don_Mattingly	Don_Mattingly
Mattingly	I	Don_Mattingly	http://en.wikipedia.org/wiki/Don_Mattingly	Don_Mattingly
will	O			
replace	O			
Joe	B	Joe_Torre	http://en.wikipedia.org/wiki/Joe_Torre	Joe_Torre
Torre	I	Joe_Torre	http://en.wikipedia.org/wiki/Joe_Torre	Joe_Torre
as	O			
LA	B	Los_Angeles_Dodgers	http://en.wikipedia.org/wiki/Los_Angeles_Dodgers	Los_Angeles_Dodgers
Dodgers	I	Los_Angeles_Dodgers	http://en.wikipedia.org/wiki/Los_Angeles_Dodgers	Los_Angeles_Dodgers
manager	O			
after	O			
this	O			
season	O			
				
last	O			
day	O			
of	O			
sorting	O			
pope	B	Pope	http://en.wikipedia.org/wiki/Pope	
visit	O			
to	O			
birmingham	B	--NME--	--NME--	
stuff	O			
out	O			
.....	O			
hope	O			
it	O			
goes	O			
ok	O			
on	O			
sunday	O			
!!	O			
				
QUAKE	O			
:	O			
Mag	O			
4.5	O			
,	O			
Saturday	O			
,	O			
September	O			
18	O			
2010	O			
at	O			
10:03	O			
am	O			
(	O			
NZST)	O			
,	O			
20	O			
km	O			
south-west	O			
of	O			
Christchurch	B			Christchurch
.	O			
http://tinyurl.com/265n4mx	O			
#eqnz	O			
				
Day	O			
three	O			
of	O			
St	B	Hypericum_perforatum‎	http://en.wikipedia.org/wiki/Hypericum_perforatum	St._John's,_Newfoundland_and_Labrador
John	I	Hypericum_perforatum‎	http://en.wikipedia.org/wiki/Hypericum_perforatum	St._John's,_Newfoundland_and_Labrador
's	I	Hypericum_perforatum‎	http://en.wikipedia.org/wiki/Hypericum_perforatum	St._John's,_Newfoundland_and_Labrador
wort	I	Hypericum_perforatum‎	http://en.wikipedia.org/wiki/Hypericum_perforatum	
tea	O			
for	O			
anxiety	O			
.	O			
So	O			
far	O			
today	O			
I	O			
havent	O			
had	O			
a	O			
panic	O			
attack...we'll	O			
see	O			
if	O			
this	O			
works	O			
!	O			
				
PLANO	B	Plano_Balloon_Festival	http://en.wikipedia.org/wiki/Plano_Balloon_Festival	
BALLOON	I	Plano_Balloon_Festival	http://en.wikipedia.org/wiki/Plano_Balloon_Festival	
FESTIVAL	I	Plano_Balloon_Festival	http://en.wikipedia.org/wiki/Plano_Balloon_Festival	
2010	I	Plano_Balloon_Festival	http://en.wikipedia.org/wiki/Plano_Balloon_Festival	
TO	O			
START	O			
TODAY	O			
:	O			
The	B	--NME--	--NME--	
31st	I	--NME--	--NME--	
annual	I	--NME--	--NME--	
Plano	I	--NME--	--NME--	Plano_Balloon_Festival
Balloon	I	--NME--	--NME--	Plano_Balloon_Festival
Festival	I	--NME--	--NME--	Plano_Balloon_Festival
,	O			
Plano	B	Plano_Balloon_Festival	http://en.wikipedia.org/wiki/Plano_Balloon_Festival	Plano_Balloon_Festival
Balloon	I	Plano_Balloon_Festival	http://en.wikipedia.org/wiki/Plano_Balloon_Festival	Plano_Balloon_Festival
Festival	I	Plano_Balloon_Festival	http://en.wikipedia.org/wiki/Plano_Balloon_Festival	Plano_Balloon_Festival
2	O			
...	O			
http://tinyurl.com/22kg6uz	O			
				
Amber	B	Amber_Le_Bon	http://en.wikipedia.org/wiki/Amber_Le_Bon	Amber_Le_Bon
Le	I	Amber_Le_Bon	http://en.wikipedia.org/wiki/Amber_Le_Bon	Amber_Le_Bon
Bon	I	Amber_Le_Bon	http://en.wikipedia.org/wiki/Amber_Le_Bon	Amber_Le_Bon
is	O			
to	O			
walk	O			
in	O			
Giles	B	Giles_Deacon	http://en.wikipedia.org/wiki/Giles_Deacon	Giles_Deacon
Deacon	I	Giles_Deacon	http://en.wikipedia.org/wiki/Giles_Deacon	Giles_Deacon
's	O			
Monday	O			
LFW	O			
show	O			
				
Xbox	B	Xbox_360	http://en.wikipedia.org/wiki/Xbox_360	
360	I	Xbox_360	http://en.wikipedia.org/wiki/Xbox_360	
:	O			
Enslaved	B	Enslaved:_Odyssey_to_the_West‎	http://en.wikipedia.org/wiki/Enslaved:_Odyssey_to_the_West	
:	I	Enslaved:_Odyssey_to_the_West‎	http://en.wikipedia.org/wiki/Enslaved:_Odyssey_to_the_West	
Odyssey	I	Enslaved:_Odyssey_to_the_West‎	http://en.wikipedia.org/wiki/Enslaved:_Odyssey_to_the_West	
to	I	Enslaved:_Odyssey_to_the_West‎	http://en.wikipedia.org/wiki/Enslaved:_Odyssey_to_the_West	
the	I	Enslaved:_Odyssey_to_the_West‎	http://en.wikipedia.org/wiki/Enslaved:_Odyssey_to_the_West	
West	I	Enslaved:_Odyssey_to_the_West‎	http://en.wikipedia.org/wiki/Enslaved:_Odyssey_to_the_West	
Demo	O			
Coming	O			
to	O			
PlayStation	B	PlayStation_Network	http://en.wikipedia.org/wiki/PlayStation_Network	PlayStation_Network
Network	I	PlayStation_Network	http://en.wikipedia.org/wiki/PlayStation_Network	PlayStation_Network
on	O			
September	O			
...	O			
http://bit.ly/9gFTHn	O			
				
Home	O			
made	O			
cod	O			
&amp;	O			
chips	O			
+	O			
bottle	O			
of	O			
Microsoft	B	Microsoft	http://en.wikipedia.org/wiki/Microsoft	Microsoft
provided	O			
champagne	O			
=	O			
top	O			
class	O			
Friday	O			
;-)	O			
				
Is	O			
all	O			
done	O			
getting	O			
things	O			
set	O			
up	O			
for	O			
the	O			
Ultimate	B	Ultimate_Magic	http://en.wikipedia.org/wiki/Ultimate_Magic	Ultimate_Magic
Magic	I	Ultimate_Magic	http://en.wikipedia.org/wiki/Ultimate_Magic	Ultimate_Magic
playtest	O			
that	O			
starts	O			
on	O			
Monday	O			
.	O			
Ca	O			
n't	O			
wait	O			
to	O			
see	O			
what	O			
people	O			
think	O			
.	O			
				
The	B	The_Maccabees_(band)	http://en.wikipedia.org/wiki/The_Maccabees_(band)	
Maccabees	I	The_Maccabees_(band)	http://en.wikipedia.org/wiki/The_Maccabees_(band)	Maccabees
are	O			
the	O			
love	O			
of	O			
my	O			
life	O			
.	O			
one	O			
day	O			
i	O			
will	O			
be	O			
married	O			
to	O			
all	O			
of	O			
them	O			
.	O			
				
Mayday	O			
Parade	O			
&amp;	O			
The	O			
Maine	O			
in	O			
like	O			
16	O			
days	O			
,	O			
excitedddd	O			
.	O			
All	O			
time	O			
low	O			
next	O			
year	O			
,	O			
maybe	O			
.	O			
				
Amazon	B	Amazon.com	http://en.wikipedia.org/wiki/Amazon.com	
U.K.	I	Amazon.com	http://en.wikipedia.org/wiki/Amazon.com	
Offering	O			
HTC	B	HTC_Desire_Z	http://en.wikipedia.org/wiki/HTC_Desire_Z	
Desire	I	HTC_Desire_Z	http://en.wikipedia.org/wiki/HTC_Desire_Z	
Z	I	HTC_Desire_Z	http://en.wikipedia.org/wiki/HTC_Desire_Z	
Unlocked	O			
October	O			
11	O			
:	O			
We	O			
just	O			
got	O			
official	O			
word	O			
of	O			
the	O			
HTC	B	HTC_Desire_Z	http://en.wikipedia.org/wiki/HTC_Desire_Z	IPhone
Desire	I	HTC_Desire_Z	http://en.wikipedia.org/wiki/HTC_Desire_Z	IPhone
Z	I	HTC_Desire_Z	http://en.wikipedia.org/wiki/HTC_Desire_Z	
earlier	O			
in	O			
Lo	O			
...	O			
http://bit.ly/bsyz9H	O			
				
@therowdydog	O			
Me	O			
neither	O			
.	O			
It	O			
's	O			
tough	O			
to	O			
get	O			
away	O			
.	O			
There	O			
is	O			
one	O			
Tuesday	O			
in	O			
AUS	B	--NME--	--NME--	
and	O			
the	O			
one	O			
in	O			
RR	B	--NME--	--NME--	Rr_(disambiguation)
on	O			
Friday	O			
.	O			
We	O			
should	O			
go	O			
so	O			
I	O			
have	O			
a	O			
friend	O			
!	O			
				
RT	O			
@Quotealicious	O			
:	O			
Today	O			
,	O			
I	O			
saw	O			
a	O			
guy	O			
driving	O			
a	O			
Pepsi	B	PepsiCo	http://en.wikipedia.org/wiki/PepsiCo	Pepsi
truck	O			
,	O			
drinking	O			
a	O			
Coke	B	Coca-Cola	http://en.wikipedia.org/wiki/Coca-Cola	Coca-Cola
.	O			
MLIA	O			
#Quotealicious	O			
				
I	O			
've	O			
just	O			
watched	O			
first	O			
four	O			
episodes	O			
of	O			
K-On	B	K-On!‎	http://en.wikipedia.org/wiki/K-On!	
for	O			
the	O			
first	O			
time	O			
!	O			
:	O			
3	O			
				
AI	O			
:	O			
DEMAND	O			
RELEASE	O			
FOR	O			
SYRIAN	O			Syria
BLOGGER	O			
:	O			
17-9-2010Tal	O			
al-Mallohi	B	Tal_al-Mallohi	http://en.wikipedia.org/wiki/Tal_al-Mallohi	
,	O			
a	O			
19-year-old	O			
Syrian	O			Syria
woman	O			
,	O			
has	O			
been	O			
held	O			
incommun	O			
...	O			
http://bit.ly/aDG3ub	O			
				
Y	B	--NME--	--NME--	
La	I	--NME--	--NME--	
Bamba	I	--NME--	--NME--	
:	O			
Playing	O			
a	O			
show	O			
in	O			
Portland	B	Portland,_Oregon	http://en.wikipedia.org/wiki/Portland,_Oregon	Portland,_Oregon
,	O			
OR	O			Oregon
at	O			
9:00	O			
PM	O			
today	O			
at	O			
Mississippi	B	--NME--	--NME--	
Studios	I	--NME--	--NME--	
http://artistdata.com/a/1kdx	O			
				
@aplusk	O			
http://www.youtube.com/watch?v=eLMui7zBiXo	O			
we	O			
beat	O			
kilkenny	B	Kilkenny_GAA	http://en.wikipedia.org/wiki/Kilkenny_GAA	
after	O			
they	O			
beat	O			
us	O			
for	O			
the	O			
last	O			
4	O			
years	O			
in	O			
the	O			
hurling	O			
.	O			
Woo	O			
!!!	O			
				
@joejonas	O			
@nickjonas	O			
@kevinjonas	O			
@papajonas	O			
@greggarbo	O			
@johnlloydtaylor	O			
Rock	O			
to	O			
SECTION	O			
204	O			
tonight	O			
!!!!	O			
				
Israel	B	Israel	http://en.wikipedia.org/wiki/Israel	Israel
grinds	O			
to	O			
a	O			
halt	O			
for	O			
Yom	B	Yom_Kippur	http://en.wikipedia.org/wiki/Yom_Kippur	
Kippur	I	Yom_Kippur	http://en.wikipedia.org/wiki/Yom_Kippur	
fasting	O			
day	O			
(	O			
wwrn.org	O			
)	O			
http://bit.ly/cqlwCZ	O			
				
Honored	O			
Double	O			
Diaomond	O			
as	O			
well	O			
:	O			
Jan	B	--NME--	--NME--	
Bloom	I	--NME--	--NME--	
...	O			
her	O			
two	O			
beautiful	O			
daughters	O			
surprised	O			
her	O			
on	O			
stage	O			
,	O			
it	O			
was	O			
just	O			
sooo	O			
...	O			
http://fb.me/JLLhbDl0	O			
				
Cowboy	O			
fans	O			
remember	O			
when	O			
Da	B	Chicago_Bears	http://en.wikipedia.org/wiki/Chicago_Bears	Bill_Swerski's_Superfans
Bears	I	Chicago_Bears	http://en.wikipedia.org/wiki/Chicago_Bears	Bill_Swerski's_Superfans
demolished	O			
you	O			
guys	O			
44-0	O			
in	O			
your	O			
own	O			
home	O			
in	O			
1985	O			
??	O			
same	O			
year	O			
we	O			
won	O			
the	O			
superbowl	O			
!	O			
#BEARDOWN	O			
				
Season	O			
opener	O			
for	O			
Bradley	B	Bradley_Braves_men's_soccer	http://en.wikipedia.org/wiki/Bradley_Braves_men's_soccer	
Soccer	I	Bradley_Braves_men's_soccer	http://en.wikipedia.org/wiki/Bradley_Braves_men's_soccer	
tonight	O			
!	O			
				
USM	B	University_of_Southern_Mississippi	http://en.wikipedia.org/wiki/University_of_Southern_Mississippi	Usm_(disambiguation)
get	O			
ready	O			
yours	O			
truly	O			
tonight	O			
at	O			
frat	B	--NME--	--NME--	
house	I	--NME--	--NME--	
Hattiesburg	I	--NME--	--NME--	Hattiesburg,_Mississippi
on	O			
the	O			
1s	O			
n	O			
2s	O			
!!	O			
				
Can	O			
your	O			
CMS	O			
guarantee	O			
pixel-precise	O			
output	O			
when	O			
compared	O			
to	O			
our	O			
MS-Paint	O			
designs	O			
?	O			
#cmsretractions	O			
				
For	O			
code	O			
I	O			
've	O			
written	O			
since	O			
Sept	O			
'	O			
9	O			
,	O			
the	O			
delay	O			
between	O			
commit	O			
to	O			
SCM	O			Supply_chain_management
and	O			
running	O			
on	O			
customer	O			
hardware	O			
has	O			
been	O			
about	O			
10	O			
days	O			
.	O			
				
@ChefGuyFieri	O			
Pls	O			
RT	O			
-	O			
NIGHT	O			
golf	O			
tournament	O			
9/25	O			
to	O			
benefit	O			
3	O			
year	O			
old	O			
Penny	B	--NME--	--NME--	
of	O			
Mesa	B	Mesa,_Arizona	http://en.wikipedia.org/wiki/Mesa,_Arizona	
,	O			
AZ	B	Arizona	http://en.wikipedia.org/wiki/Arizona	Arizona
who	O			
had	O			
heart	O			
transplant	O			
.	O			
www.flancers.com	O			
4	O			
info	O			
				
RT	O			
@CHRIS_Daughtry	O			
:	O			
We're	O			
playing	O			
a	O			
show	O			
with	O			
KISS	B	Kiss_(band)	http://en.wikipedia.org/wiki/Kiss_(band)	
tomorrow	O			
.	O			
Can't	O			
say	O			
I	O			
saw	O			
that	O			
coming	O			
5	O			
years	O			
ago	O			
...	O			
				
Business	B	--NME--	--NME--	Business_alliance
Alliance	I	--NME--	--NME--	Business_alliance
will	O			
save	O			
you	O			
time	O			
and	O			
money	O			
and	O			
most	O			
importantly	O			
,	O			
match	O			
you	O			
with	O			
the	O			
right	O			
franchise	O			
.	O			
check	O			
out	O			
at	O			
http://ow.ly/2kt2M	O			
				
before	O			
the	O			
season	O			
even	O			
starts	O			
i	O			
will	O			
not	O			
respond	O			
to	O			
any	O			
new	O			
found	O			
miami	B	Miami_Heat	http://en.wikipedia.org/wiki/Miami_Heat	
heat	I	Miami_Heat	http://en.wikipedia.org/wiki/Miami_Heat	
fans	O			
...	O			
				
Winner	O			
will	O			
be	O			
chosen	O			
Monday	O			
morning	O			
.	O			
Get	O			
your	O			
caption	O			
in	O			
the	O			
funny	O			
photo	O			
caption	O			
contest-	O			
Nadal	B			Rafael_Nadal
and	O	Rafael_Nadal	http://en.wikipedia.org/wiki/Rafael_Nadal	
Novak	B			Novak_Djokovic
in	O	Novak_Djokovic	http://en.wikipedia.org/wiki/Novak_Djokovic	
the	O			
tub	O			
http://ow.ly/2G3Jh	O			
				
@bowlerhatlover	O			
Been	O			
trying	O			
to	O			
find	O			
a	O			
copy	O			
of	O			
"	O			
Nostalgia	B	--NME--	--NME--	Nostalgia
"	O			
for	O			
years	O			
.	O			
http://hollisframpton.org.uk/	O			
				
@NeilPen	O			
I	O			
position	O			
to	O			
Manchester	B	Manchester	http://en.wikipedia.org/wiki/Manchester	Manchester
tomorrow	O			
on	O			
BA	O			Bachelor_of_Arts
2910	O			
and	O			
fly	O			
to	O			
Barbados	B	Barbados	http://en.wikipedia.org/wiki/Barbados	Barbados
on	O			
Sunday	O			
				
#news	O			
Dems	B	Democratic_Party_(United_States)	http://en.wikipedia.org/wiki/Democratic_Party_(United_States)	
to	O			
voters	O			
:	O			
You	O			
may	O			
hate	O			
us	O			
,	O			
but	O			
GOP	B	Republican_Party_(United_States)	http://en.wikipedia.org/wiki/Republican_Party_(United_States)	Republican_Party_(United_States)
is	O			
worse	O			
(	O			
AP	B	Associated_Press	http://en.wikipedia.org/wiki/Associated_Press	
)	O			
(	O			
Yahoo	B	Yahoo!	http://en.wikipedia.org/wiki/Yahoo!	
!	O			
)	O			
:	O			
Share	O			
With	O			
Friends	O			
:	O			
|	O			
Latest	O			
Top	O			
Ne	O			
...	O			
http://adpro.co/aQxQtY	O			
				
Jupiter	B	Jupiter	http://en.wikipedia.org/wiki/Jupiter	
:	O			
Closest	O			
Approach	O			
in	O			
Nearly	O			
50	O			
years	O			
.	O			
Catch	O			
it	O			
nxt	O			
week	O			
.	O			
It	O			
wnt	O			
B	O			
that	O			
big	O			
or	O			
bright	O			
again	O			
til	O			
2022	O			
http://bit.ly/d5Bzx7	O			
				
I	O			
just	O			
took	O			
"	O			
When	O			
your	O			
mom	O			
makes	O			
you	O			
go	O			
live	O			
with	O			
your	O			
dad	O			
Scooter	B	Scooter_Braun	http://en.wikipedia.org/wiki/Scooter_Braun	Scooter_Braun
Braun	I	Scooter_Braun	http://en.wikipedia.org/wiki/Scooter_Braun	Scooter_Braun
,	O			
your	O			
life	O			
..."	O			
and	O			
got	O			
:	O			
Part	O			
7	O			
!	O			
Try	O			
it	O			
:	O			
http://tinyurl.com/27r2pdz	O			
				
What	O			
Do	O			
S.F.	B	San_Francisco	http://en.wikipedia.org/wiki/San_Francisco	
Rabbis	O			
Eat	O			
Before	O			
and	O			
After	O			
Yom	B	Yom_Kippur	http://en.wikipedia.org/wiki/Yom_Kippur	
Kippur	I	Yom_Kippur	http://en.wikipedia.org/wiki/Yom_Kippur	
?	O			
We	O			
Asked	O			
Five	O			
to	O			
Enlighten	O			
Us	O			
!	O			
via	O			
@SFoodie	O			
http://bit.ly/aQrFUz	O			
				
Pope	B	Pope_Benedict_XVI	http://en.wikipedia.org/wiki/Pope_Benedict_XVI	
Benedict	I	Pope_Benedict_XVI	http://en.wikipedia.org/wiki/Pope_Benedict_XVI	
trip	O			
:	O			
Why	O			
move	O			
John	B	John_Henry_Newman	http://en.wikipedia.org/wiki/John_Henry_Newman	John_Henry_Newman
Henry	I	John_Henry_Newman	http://en.wikipedia.org/wiki/John_Henry_Newman	John_Henry_Newman
Newman	I	John_Henry_Newman	http://en.wikipedia.org/wiki/John_Henry_Newman	John_Henry_Newman
toward	O			
sainthood	O			
?:	O			
Pope	B	Pope_Benedict_XVI	http://en.wikipedia.org/wiki/Pope_Benedict_XVI	Pope_Benedict_XVI
Benedict	I	Pope_Benedict_XVI	http://en.wikipedia.org/wiki/Pope_Benedict_XVI	Pope_Benedict_XVI
XVI	I	Pope_Benedict_XVI	http://en.wikipedia.org/wiki/Pope_Benedict_XVI	
plans	O			
on	O			
Sunday	O			
during	O			
his	O			
sta	O			
...	O			
http://bit.ly/d7tM0r	O			
				
@ohy22SD	O			
Hopefully	O			
the	O			
Force	O			
will	O			
be	O			
VERY	O			
strong	O			
with	O			
the	O			
#Padres	B	San_Diego_Padres‎	http://en.wikipedia.org/wiki/San_Diego_Padres	
tonight	O			
.	O			
We	O			
NEED	O			
a	O			
win	O			
.	O			
#ScoreSomeRuns	O			
				
Gotta	O			
love	O			
the	O			
bumper	O			
stickers	O			
of	O			
Fayette	B	--NME--	--NME--	Fayette_County,_Pennsylvania
County	I	--NME--	--NME--	Fayette_County,_Pennsylvania
:	O			
"	O			
Ever	O			
wonder	O			
if	O			
there	O			
is	O			
life	O			
after	O			
death	O			
?	O			
Touch	O			
my	O			
truck	O			
and	O			
'll	O			
find	O			
out	O			
."	O			
				
@themayorpete	O			
I	O			
split	O			
my	O			
time	O			
now	O			
btwn	O			
SF	B	San_Francisco	http://en.wikipedia.org/wiki/San_Francisco	
and	O			
San	B	San_Mateo,_California	http://en.wikipedia.org/wiki/San_Mateo,_California	San_Mateo,_California
Mateo	I	San_Mateo,_California	http://en.wikipedia.org/wiki/San_Mateo,_California	San_Mateo,_California
				
-CHANGE	O			
OF	O			
ROOM	O			
!	O			
-	O			
FATHER'S	O			
DAY	O			
auditions	O			
Sept	O			
25	O			
CANWEST	B	--NME--	--NME--	
Center	I	--NME--	--NME--	
for	O			
Theater	O			
and	O			
Film	O			
U	B	University_of_Winnipeg‎	http://en.wikipedia.org/wiki/University_of_Winnipeg	
of	I	University_of_Winnipeg‎	http://en.wikipedia.org/wiki/University_of_Winnipeg	
W	I	University_of_Winnipeg‎	http://en.wikipedia.org/wiki/University_of_Winnipeg	
ROOM	O			
0T15	O			
11:30	O			
am	O			
-	O			
4:00	O			
PM	O			
.	O			
				
Bloggers	O			
:	O			
Who	O			
are	O			
you	O			
writing	O			
for	O			
?	O			
|	O			
Social	O			
Media	O			
Today	O			
http://bit.ly/9mY0NK	O			
				
5	O			
Things	O			
You	O			
Need	O			
To	O			
Do	O			
Before	O			
Contacting	O			
A	O			
Professional	O			
Photographer	O			
http://goo.gl/fb/I7rBo	O			
#inourhead	O			
				
@Strigy	O			
got	O			
mine	O			
in	O			
bbt	O			
aintree	B	Aintree	http://en.wikipedia.org/wiki/Aintree	
today	O			
.	O			
Played	O			
table	O			
tennis	O			
on	O			
it	O			
in	O			
store	O			
!	O			
V	O			
impressed	O			
.	O			
Did	O			
you	O			
get	O			
analogue	O			
controller	O			
2	O			
?	O			
				
Balloon	O			
glowing	O			
?	O			
We'd	O			
love	O			
to	O			
see	O			
you	O			
before	O			
or	O			
after	O			
at	O			
Pi	B	--NME--	--NME--	Pi_(disambiguation)
!	O			
CWE	B	Central_West_End,_St._Louis	http://en.wikipedia.org/wiki/Central_West_End,_St._Louis	Cwe_(disambiguation)
and	O			
Delmar	B	--NME--	--NME--	Delmar,_New_York
are	O			
around	O			
the	O			
corner	O			
,	O			
Kirkwood	B	--NME--	--NME--	
&amp;	O			
...	O			
http://fb.me/I6SZ52nW	O			
				
Have	O			
a	O			
practice	O			
session	O			
@Cromwell	O			
Field	O			
today	O			
at	O			
6pm	O			
.	O			
Hope	O			
i	O			
shine	O			
well	O			
and	O			
start	O			
the	O			
next	O			
game	O			
.	O			
:)	O			
				
@ConorMc_Ginty	O			
GaGa	B	Lady_Gaga	http://en.wikipedia.org/wiki/Lady_Gaga	
played	O			
here	O			
a	O			
few	O			
weeks	O			
back	O			
.	O			
She	O			
spoke	O			
out	O			
against	O			
SB1070	B	Arizona_SB_1070‎	http://en.wikipedia.org/wiki/Arizona_SB_1070	Arizona_SB_1070
during	O			
the	O			
show	O			
.	O			
God	O			God
bless	O			
her	O			
for	O			
that	O			
.	O			
				
Still	O			
dislike	O			
Early	O			
Decision	O			
for	O			
most	O			
kids	O			
,	O			
but	O			
Early	O			Early_action
Action	O			Early_action
can	O			
be	O			
great	O			
when	O			
used	O			
thoughtfully	O			
.	O			
http://ow.ly/2G1Cn	O			
#admissions	O			
#colleges	O			
				
From	O			
Green	O			
Newsfeed	O			
:	O			
AHFA	B	American_Home_Furnishings_Alliance	http://en.wikipedia.org/wiki/American_Home_Furnishings_Alliance	
extends	O			
deadline	O			
for	O			
Sage	B	--NME--	--NME--	
Award	I	--NME--	--NME--	
to	O			
Nov	O			
.	O			
5	O			
http://tinyurl.com/24agj38	O			
				
just	O			
about	O			
off	O			
work	O			
!	O			
going	O			
to	O			
alderwood	B	--NME--	--NME--	
again	O			
:)	O			
yay	O			
.	O			
hopefully	O			
we	O			
got	O			
cody	O			
's	O			
ipod	B	iPod	http://en.wikipedia.org/wiki/iPod	
in	O			
the	O			
mail	O			
today	O			
.	O			
				
Adam	B	Adam_Beyer	http://en.wikipedia.org/wiki/Adam_Beyer	Adam_Beyer
Beyer	I	Adam_Beyer	http://en.wikipedia.org/wiki/Adam_Beyer	Adam_Beyer
:	O			
Swedish	O			
Techno	O			
Pioneer	O			
:	O			
When	O			
it	O			
comes	O			
to	O			
his	O			
own	O			
DJing	O			
and	O			
sound	O			
,	O			
he	O			
's	O			
slightly	O			
more	O			
diverse	O			
and	O			
likes	O			
...	O			
http://bit.ly/c1E0I1	O			
				
RT	O			
@RealJudgeJules	O			
:	O			
Playing	O			
the	O			
world	O			
exclusive	O			
of	O			
@SanderVanDoorn	O			
remix	O			
of	O			
@swedishousemfia	O			
-	O			
Miami	B	Miami_2_Ibiza	http://en.wikipedia.org/wiki/Miami_2_Ibiza	Miami
2	I	Miami_2_Ibiza	http://en.wikipedia.org/wiki/Miami_2_Ibiza	
Ibiza	I	Miami_2_Ibiza	http://en.wikipedia.org/wiki/Miami_2_Ibiza	Ibiza
on	O			
the	O			
show	O			
tonight	O			
.	O			
Tune	O			
i	O			
...	O			
				
ok	O			
bed	O			
time	O			
.	O			
I	O			
think	O			
i'ma	O			
curl	O			
up	O			
and	O			
watch	O			
Sabrina	B	Sabrina:_The_Animated_Series	http://en.wikipedia.org/wiki/Sabrina:_The_Animated_Series	
!!!	O			
Thanks	O			
@louisha	O			
!!!	O			
x	O			
				
RT	O			
@PolarBeverages	O			
:	O			
Before	O			
Hurricane	B	Hurricane_Earl_(2010)	http://en.wikipedia.org/wiki/Hurricane_Earl_(2010)	
Earl	I	Hurricane_Earl_(2010)	http://en.wikipedia.org/wiki/Hurricane_Earl_(2010)	Earl_(disambiguation)
comes	O			
,	O			
stock	O			
up	O			
on	O			
Polar	O			
Orange	O			
Dry	O			
!	O			
:)	O			
				
DJ	O			
set	O			
at	O			
The	B	Standard_Hotel‎	http://en.wikipedia.org/wiki/Standard_Hotel	
Standard	I	Standard_Hotel‎	http://en.wikipedia.org/wiki/Standard_Hotel	
in	O			
LA	B	Los_Angeles‎	http://en.wikipedia.org/wiki/Los_Angeles	Los_Angeles
tonight	O			
!	O			
http://fb.me/I91IUaEq	O			
				
@justinbieber	O			
I	O			
have	O			
chance	O			
with	O			
you	O			
?	O			
webcam	O			
enters	O			
Sunday	O			
7:00	O			
pm	O			
?	O			
please	O			
?	O			
to	O			
talk	O			
right	O			
!	O			
kisses	O			
on	O			
the	O			
chin	O			
				
...	O			
four	O			
fucking	O			
years	O			
I	O			
've	O			
been	O			
configuring	O			
iBGP	B	Border_Gateway_Protocol‎	http://en.wikipedia.org/wiki/Border_Gateway_Protocol	
and	O			
eBGP	B	Border_Gateway_Protocol‎	http://en.wikipedia.org/wiki/Border_Gateway_Protocol	
on	O			
Cisco	B	Cisco_Systems	http://en.wikipedia.org/wiki/Cisco_Systems	
AND	O			
Juniper	B	Juniper_Networks	http://en.wikipedia.org/wiki/Juniper_Networks	
routers	O			
for	O			
America	B	United_States	http://en.wikipedia.org/wiki/United_States	United_States
's	O			
largest	O			
wireless	O			
ISP	O			
...	O			
and	O			
I	O			
get	O			
a	O			
612	O			
				
#sp	O			
Facebook	B	Facebook	http://en.wikipedia.org/wiki/Facebook	
Job-Hunting	O			
App	O			
BranchOut	B	BranchOut	http://en.wikipedia.org/wiki/BranchOut	
Raises	O			
$6	O			
Million	O			
From	O			
Accel	B	Accel_Partners	http://en.wikipedia.org/wiki/Accel_Partners	
And	O			
Super	O			
Angels	O			
:	O			
When	O			
you	O			
want	O			
to	O			
hang	O			
out	O			
...	O			
http://migre.me/1kO1K	O			
				
CyberNation	O			
Sky	B	Sky_3D	http://en.wikipedia.org/wiki/Sky_3D	
3D	I	Sky_3D	http://en.wikipedia.org/wiki/Sky_3D	
enlists	O			
Stephen	B	Stephen_Fry	http://en.wikipedia.org/wiki/Stephen_Fry	Stephen_Fry
Fry	I	Stephen_Fry	http://en.wikipedia.org/wiki/Stephen_Fry	Stephen_Fry
to	O			
explain	O			
the	O			
technology	O			
ahead	O			
of	O			
its	O			
October	O			
1	O			
launch	O			
(	O			
video)	O			
:	O			
With	O			
the	O			
o	O			
...	O			
http://bit.ly/aWoRmo	O			
				
@lauraluanabeth	O			
'll	O			
be	O			
back	O			
in	O			
LA	B	Los_Angeles‎	http://en.wikipedia.org/wiki/Los_Angeles	Los_Angeles
tomorrow	O			
night	O			
!	O			
yaaaay	O			
!	O			
				
Was	O			
hard	O			
work	O			
going	O			
to	O			
the	O			
gym	O			
on	O			
my	O			
own	O			
tonight	O			
but	O			
managed	O			
a	O			
30	O			
min	O			
run	O			
and	O			
plenty	O			
of	O			
weights	O			
.	O			
Catching	O			
up	O			
on	O			
ufc	B	Ultimate_Fighting_Championship‎	http://en.wikipedia.org/wiki/Ultimate_Fighting_Championship	
now	O			
				
Let	O			
's	O			
go	O			
to	O			
New	B	New_York	http://en.wikipedia.org/wiki/New_York	New_York_City
York	I	New_York	http://en.wikipedia.org/wiki/New_York	New_York_City
tomorrow	O			
with	O			
Blakehurst	B	--NME--	--NME--	Blakehurst,_New_South_Wales
.	O			
Contact	O			
us	O			
about	O			
your	O			
fall/winter	O			
trave	O			
@	O			
410-336-3234	O			
				
A	O			
week	O			
in	O			
New	B	New_Jersey	http://en.wikipedia.org/wiki/New_Jersey	New_Jersey
Jersey	I	New_Jersey	http://en.wikipedia.org/wiki/New_Jersey	New_Jersey
,	O			
of	O			
all	O			
places	O			
,	O			
and	O			
I	O			
never	O			
want	O			
to	O			
hear	O			
a	O			
*Boston*	B	Boston	http://en.wikipedia.org/wiki/Boston	
accent	O			
again	O			
.	O			
				
Preventing	O			
Public	O			
Health	O			
Disasters	O			
[	O			
The	O			
Pump	O			
Handle]	O			
:	O			
Earlier	O			
this	O			
week	O			
,	O			
FDA	B	Food_and_Drug_Administration	http://en.wikipedia.org/wiki/Food_and_Drug_Administration	FDA_(trade_union)
Commissioner	O			
Margaret	B	Margaret_Hamburg	http://en.wikipedia.org/wiki/Margaret_Hamburg	Margaret_Hamburg
Hamburg	I	Margaret_Hamburg	http://en.wikipedia.org/wiki/Margaret_Hamburg	Margaret_Hamburg
present	O			
...	O			
http://bit.ly/9i1AEg	O			
				
Halo	B	Halo:_Reach	http://en.wikipedia.org/wiki/Halo:_Reach	
Reach	I	Halo:_Reach	http://en.wikipedia.org/wiki/Halo:_Reach	
was	O			
a	O			
bit	O			
crap	O			
tonight	O			
				
#BlackHoliday	O			
Marvin	B	Marvin_Gaye	http://en.wikipedia.org/wiki/Marvin_Gaye	
Gaye	I	Marvin_Gaye	http://en.wikipedia.org/wiki/Marvin_Gaye	
Day	O			
				
'Come	O			
to	O			
"	O			
MRB	B	--NME--	--NME--	
@	I	--NME--	--NME--	
61	I	--NME--	--NME--	
Roadhouse	I	--NME--	--NME--	
BBQ	I	--NME--	--NME--	
"	O			
Sunday	O			
,	O			
October	O			
10	O			
from	O			
12:00	O			
pm	O			
to	O			
4:00	O			
pm	O			
.	O			
We	O			
are	O			
playing	O			
for	O			
the	O			
61	O			
Roadhouse	O			Road_House_(1989_film)
...	O			
http://fb.me/G1FbJGw1'	O			
				
Day	O			
at	O			
T	O			
.	O			
epic	O			
interview	O			
and	O			
photo	O			
shoot	O			
with	O			
Marie	B	Marie_Claire‎	http://en.wikipedia.org/wiki/Marie_Claire	
Clair	I	Marie_Claire‎	http://en.wikipedia.org/wiki/Marie_Claire	
.	O			
@OHEMMGEEZY	O			
				
You	O			
all	O			
need	O			
to	O			
know	O			
justin	B	Justin_Bieber‎	http://en.wikipedia.org/wiki/Justin_Bieber	
isnt	O			
the	O			
innocent	O			
16	O			
year	O			
old	O			
boy	O			
you	O			
think	O			
he	O			
is	O			
he	O			
has	O			
to	O			
be	O			
like	O			
that	O			
and	O			
'	O			
love	O			
'	O			
his	O			
fans	O			
so	O			
...	O			
				
Soulja	B	Soulja_Boy	http://en.wikipedia.org/wiki/Soulja_Boy	Soulja_Boy
Boy	I	Soulja_Boy	http://en.wikipedia.org/wiki/Soulja_Boy	Soulja_Boy
|	O			
TheDeAndreWay	O			
.	O			
com	O			
-	O			
The	O			
DeAndre	O			Soulja_Boy
Way	O			Soulja_Boy
in	O			
stores	O			
Nov	O			
.	O			
2	O			
,	O			
2010	O			
http://t.co/woAiLlZ	O			
via	O			
@SouljaBoy	O			
				
Is	O			
Joaquin	B	Joaquin_Phoenix	http://en.wikipedia.org/wiki/Joaquin_Phoenix	
Phoenix	I	Joaquin_Phoenix	http://en.wikipedia.org/wiki/Joaquin_Phoenix	
Our	O			
Modern	O			
Day	O			
Andy	B	Andy_Kaufman	http://en.wikipedia.org/wiki/Andy_Kaufman	Andy_Kaufman
Kaufman	I	Andy_Kaufman	http://en.wikipedia.org/wiki/Andy_Kaufman	Andy_Kaufman
?:	O			
...	O			
the	O			
bizarre	O			
events	O			
leading	O			
up	O			
to	O			
this	O			
moment	O			
,	O			
the	O			
movie	O			
could	O			
...	O			
http://bit.ly/aUZ2on	O			
				
I	O			
like	O			
@SouljaBoy	O			
songs	O			
after	O			
a	O			
few	O			
drinks	O			
				
800	O			
miles	O			
to	O			
see	O			
clients	O			
,	O			
3	O			
ACC	O			Atlantic_Coast_Conference
candidate/commissioner	O			
meetings	O			
,	O			
big	O			
press	O			
release	O			
,	O			
making	O			
it	O			
to	O			
Friday	O			
..	O			
PRICELESS	O			
!	O			
				
@Zerinaakers	O			
talking	O			
about	O			
as	O			
far	O			
as	O			
shooting	O			
for	O			
location	O			
its	O			
going	O			
to	O			
be	O			
on	O			
#Vh1	B	VH1	http://en.wikipedia.org/wiki/VH1	
so	O			
by	O			
the	O			
end	O			
of	O			
the	O			
month	O			
i	O			
should	O			
know	O			
something	O			
				
Branching	O			
out	O			
from	O			
Lincoln	B	--NME--	--NME--	Lincoln,_Nebraska
park	I	--NME--	--NME--	
after	I	--NME--	--NME--	
dark	I	--NME--	--NME--	
...	O			
Hello	O			
"	O			
Russian	B	--NME--	--NME--	Russia
navy	I	--NME--	--NME--	
"	O			
it	O			
's	O			
like	O			
the	O			
same	O			
thing	O			
but	O			
with	O			
glitter	O			
!	O			
				
@jackjohnson	O			
where	O			
can	O			
I	O			
get	O			
the	O			
official	O			
set	O			
list	O			
to	O			
the	O			
show	O			
at	O			
Berkeley	B	--NME--	--NME--	Berkeley,_California
in	O			
Oct	O			
6th	O			
?!	O			
				
LOL	O			
A-W-E-S-O-M-E	O			
!!	O			
btw	O			
,	O			
totally	O			
agree	O			
RT	O			
@fanoffob	O			
Fall	B	Fall_Out_Boy‎	http://en.wikipedia.org/wiki/Fall_Out_Boy	
Out	I	Fall_Out_Boy‎	http://en.wikipedia.org/wiki/Fall_Out_Boy	
Boy	I	Fall_Out_Boy‎	http://en.wikipedia.org/wiki/Fall_Out_Boy	
is	O			
gay	O			
#reallymeans	O			
I	O			
'm	O			
secretly	O			
a	O			
big	O			
time	O			
fan	O			
.	O			
				
[	O			
GigaOM	O			
]	O			
DRM	O			
FAIL	O			
:	O			
Five	O			
Broken	O			
Copy	O			
Protection	O			
Schemes	O			
:	O			
This	O			
week	O			
,	O			
we	O			
learned	O			
that	O			
the	O			
HDCP	O			
copy	O			
protection	O			
scheme	O			
...	O			
http://bit.ly/blWf0e	O			
				
OMG	O			
!	O			
Miley	B	Miley_Cyrus	http://en.wikipedia.org/wiki/Miley_Cyrus	Miley_Cyrus
Cyrus	I	Miley_Cyrus	http://en.wikipedia.org/wiki/Miley_Cyrus	Miley_Cyrus
Has	O			
A	O			
14-Year-Old	O			
Stalker	O			
!:	O			
First	O			
Paris	B	Paris_Hilton	http://en.wikipedia.org/wiki/Paris_Hilton	Paris_Hilton
Hilton	I	Paris_Hilton	http://en.wikipedia.org/wiki/Paris_Hilton	Paris_Hilton
,	O			
now	O			
Miley	B	Miley_Cyrus	http://en.wikipedia.org/wiki/Miley_Cyrus	Miley_Cyrus
Cyrus	I	Miley_Cyrus	http://en.wikipedia.org/wiki/Miley_Cyrus	Miley_Cyrus
!	O			
Cops	O			
responded	O			
to	O			
a	O			
break	O			
in	O			
cal	O			
...	O			
http://bit.ly/cd6OPC	O			
				
@MikePortnoy	O			
I	O			
got	O			
slapped	O			
in	O			
the	O			
face	O			
the	O			
other	O			
day	O			
by	O			
a	O			
few	O			
DT	B	Dream_Theater	http://en.wikipedia.org/wiki/Dream_Theater	Dt_(disambiguation)
fans	O			
because	O			
I	O			
said	O			
you	O			
were	O			
awesome	O			
for	O			
joining	O			
A7X	O	Avenged_Sevenfold	http://en.wikipedia.org/wiki/Avenged_Sevenfold	
.	O			
So	O			
worth	O			
it	O			
.	O			
foREVer	O			
!	O			
				
#MedicalJobs	O			
CT/Rad	O			
Tech	O			
-	O			
PRN	O			
:	O			
TX-Fort	O			
Worth	O			
,	O			
When	O			
physicians	O			
own	O			
the	O			
hospital	O			
,	O			
the	O			
latest	O			
advances	O			
in	O			
medical	O			
s	O			
...	O			
http://bit.ly/cVPhNE	O			
				
I	O			
have	O			
a	O			
strong	O			
hunch	O			
Adam	B	--NME--	--NME--	Adam_Beyer
will	O			
be	O			
a	O			
story	O			
on	O			
TMZ	B	TMZ_on_TV	http://en.wikipedia.org/wiki/TMZ_on_TV	TMZ
tonight	O			
.	O			
Gulp	O			
.	O			
				
Rep	O			
.	O			
Bono	B	Mary_Bono	http://en.wikipedia.org/wiki/Mary_Bono	
Mack	I	Mary_Bono	http://en.wikipedia.org/wiki/Mary_Bono	
to	O			
criticize	O			
fellow	O			
desert	O			
dweller	O			
Barbara	B	Barbara_Boxer	http://en.wikipedia.org/wiki/Barbara_Boxer	Barbara_Boxer
Boxer	I	Barbara_Boxer	http://en.wikipedia.org/wiki/Barbara_Boxer	Barbara_Boxer
at	O			
event	O			
today	O			
.	O			
http://tinyurl.com/2bhyuq7	O			
				
LIVESTRONG	B	--NME--	--NME--	
Day	I	--NME--	--NME--	
is	O			
10-02-10	O			
around	O			
the	O			
world	O			
.	O			
				
Apparently	O			
40	O			
days	O			
,	O			
1	O			
hour	O			
,	O			
49	O			
mins	O			
and	O			
36	O			
seconds	O			
to	O			
Doha	B	Doha	http://en.wikipedia.org/wiki/Doha	Doha
....	O			
				
It	O			
's	O			
official	O			
.	O			
Next	O			
book	O			
club	O			
selection	O			
is	O			
"	O			
Not	B	--NME--	--NME--	
a	I	--NME--	--NME--	
Genuine	I	--NME--	--NME--	
Black	I	--NME--	--NME--	
Man	I	--NME--	--NME--	
"	O			
by	O			
@BrianCopie	O			
I	O			
saw	O			
the	O			
show	O			
a	O			
few	O			
years	O			
ago	O			
and	O			
it	O			
was	O			
fantastic	O			
.	O			
				
Buffs	O			
FB	O			
:	O			
Giddings	B	--NME--	--NME--	Giddings,_Texas
faces	O			
Elgin	B	--NME--	--NME--	Elgin,_Illinois
tonite	O			
@	O			
Wildcat	B	--NME--	--NME--	
Stadium	I	--NME--	--NME--	
@	O			
7:30	O			
.	O			
The	B	--NME--	--NME--	
Buffs	I	--NME--	--NME--	Colorado_Buffaloes
will	O			
try	O			
to	O			
re-group	O			
after	O			
two	O			
straight	O			
losses	O			
.	O			
Updates	O			
on	O			
LCL	B	--NME--	--NME--	
				
@angelajames	O			
@roxannestclaire	O			
I	O			
have	O			
n't	O			
tried	O			
MAC	B	MAC_Cosmetics	http://en.wikipedia.org/wiki/MAC_Cosmetics	Macintosh
.	O			
Next	O			
time	O			
!	O			
				
super	B	Super_Nintendo_Entertainment_System‎	http://en.wikipedia.org/wiki/Super_Nintendo_Entertainment_System	
nintendo	I	Super_Nintendo_Entertainment_System‎	http://en.wikipedia.org/wiki/Super_Nintendo_Entertainment_System	
sega	B	Sega_Genesis	http://en.wikipedia.org/wiki/Sega_Genesis	
genesis	I	Sega_Genesis	http://en.wikipedia.org/wiki/Sega_Genesis	
,	O			
when	O			
i	O			
was	O			
dead	O			
broke	O			
man	O			
i	O			
couldn't	O			
picture	O			
this	O			
!	O			
#nowplaying	O			
Juicy	O			
by	O			
Biggie	O			The_Notorious_B.I.G.
				
watching	O			
the	O			
VMA	B	MTV_Video_Music_Award	http://en.wikipedia.org/wiki/MTV_Video_Music_Award	
pre-show	O			
again	O			
lol	O			
it	O			
was	O			
n't	O			
even	O			
a	O			
good	O			
show	O			
the	O			
first	O			
time	O			
...	O			
so	O			
bored	O			
!	O			
				
Haven't	O			
tweeted	O			
since	O			
june	O			
wow	O			
.......................	O			
but	O			
I	O			
did	O			
get	O			
a	O			
facebook	B	Facebook	http://en.wikipedia.org/wiki/Facebook	
so	O			
who	O			
cares	O			
about	O			
twitter	B	Twitter	http://en.wikipedia.org/wiki/Twitter	
				
RT	O			
@KarlaRay	O			
:	O			
What	O			
a	O			
day	O			
in	O			
#Collier	O			
!	O			
Watch	O			
@NBC2	O			
at	O			
6	O			
for	O			
details	O			
on	O			
the	O			
latest	O			
growhouse	O			
bust	O			
and	O			
the	O			
county	O			
's	O			
first-ever	O			
West	O			West_Nile_virus
Nile	O			West_Nile_virus
d	O			
...	O			
				
30	O			
Mosques	O			
in	O			
30	O			
Days	O			
:	O			
A	O			
Trip	O			
Through	O			
Islamic	O			
America	O			
http://dlvr.it/5RdYv	O			
				
Best	O			
#free	O			
#livemusic	O			
in	O			
#Denver	B	Denver	http://en.wikipedia.org/wiki/Denver	
tonight	O			
with	O			
the	O			
return	O			
of	O			
Breaking	B	--NME--	--NME--	
&amp;	I	--NME--	--NME--	
Entering	I	--NME--	--NME--	
.	O			
Be	O			
sure	O			
to	O			
come	O			
down	O			
to	O			
Hi	B	--NME--	--NME--	
Pac	I	--NME--	--NME--	
and	O			
check	O			
it	O			
out	O			
!	O			
				
3	O			
tour	O			
coaches	O			
with	O			
a	O			
police	O			
escort	O			
in	O			
Chapel	B	--NME--	--NME--	Chapel_Hill,_North_Carolina
Hill	I	--NME--	--NME--	Chapel_Hill,_North_Carolina
...	O			
game	O			
tonight	O			
?	O			
				
@SoccerByIves	O			
Let	O			
's	O			
hope	O			
the	O			
Serie	B	Serie_A	http://en.wikipedia.org/wiki/Serie_A	Serie_A
A	I	Serie_A	http://en.wikipedia.org/wiki/Serie_A	Serie_A
continues	O			
to	O			
be	O			
on	O			
the	O			
tv	O			
schedule	O			
next	O			
week	O			
.	O			
This	O			
strike	O			
has	O			
fans	O			
of	O			
Calcio	B	--NME--	--NME--	Calcio_Fiorentino
worried	O			
....	O			
				
I	O			
just	O			
took	O			
"	O			
After	O			
getting	O			
trampled	O			
at	O			
a	O			
Justin	B	Justin_Bieber	http://en.wikipedia.org/wiki/Justin_Bieber	Justin_Bieber
Bieber	I	Justin_Bieber	http://en.wikipedia.org/wiki/Justin_Bieber	Justin_Bieber
concert	O			
,	O			
yoiu	O			
wake	O			
up	O			
and	O			
..."	O			
and	O			
got	O			
:	O			
Part	O			
6	O			
:)	O			
!	O			
Try	O			
it	O			
:	O			
http://tinyurl.com/233u5lu	O			
				
anyone	O			
else	O			
ever	O			
have	O			
a	O			
problem	O			
moving	O			
a	O			
Hyper	B	Hyper-V	http://en.wikipedia.org/wiki/Hyper-V	
V	I	Hyper-V	http://en.wikipedia.org/wiki/Hyper-V	
guest	O			
from	O			
a	O			
server	B	Windows_server_2008	http://en.wikipedia.org/wiki/Windows_server_2008	
2008	I	Windows_server_2008	http://en.wikipedia.org/wiki/Windows_server_2008	
to	O			
server	B	Windows_server_2008	http://en.wikipedia.org/wiki/Windows_server_2008	
2008	I	Windows_server_2008	http://en.wikipedia.org/wiki/Windows_server_2008	
R2	I	Windows_server_2008	http://en.wikipedia.org/wiki/Windows_server_2008	
host	O			
?	O			
Having	O			
strange	O			
lock	O			
up	O			
after	O			
the	O			
move	O			
..	O			
				
@jaredleto	O			
...	O			
ive	O			
been	O			
to	O			
13	O			
30stm	B	Thirty_Seconds_to_Mars‎	http://en.wikipedia.org/wiki/Thirty_Seconds_to_Mars	
concerts	O			
now	O			
and	O			
you	O			
never	O			
got	O			
me	O			
on	O			
stage	O			
during/before	O			
kings	B	Kings_and_Queens_(Thirty_Seconds_to_Mars_song)	http://en.wikipedia.org/wiki/Kings_and_Queens_(Thirty_Seconds_to_Mars_song)	
and	I	Kings_and_Queens_(Thirty_Seconds_to_Mars_song)	http://en.wikipedia.org/wiki/Kings_and_Queens_(Thirty_Seconds_to_Mars_song)	
queens	I	Kings_and_Queens_(Thirty_Seconds_to_Mars_song)	http://en.wikipedia.org/wiki/Kings_and_Queens_(Thirty_Seconds_to_Mars_song)	
:(	O			
((	O			
				
Time	B	Time_Warner_Cable	http://en.wikipedia.org/wiki/Time_Warner_Cable	
Warner	I	Time_Warner_Cable	http://en.wikipedia.org/wiki/Time_Warner_Cable	
Cable	I	Time_Warner_Cable	http://en.wikipedia.org/wiki/Time_Warner_Cable	
Boycotting	O			
Epix	B	Epix_(TV_network)	http://en.wikipedia.org/wiki/Epix_(TV_network)	
Movie	I	Epix_(TV_network)	http://en.wikipedia.org/wiki/Epix_(TV_network)	
Channel	I	Epix_(TV_network)	http://en.wikipedia.org/wiki/Epix_(TV_network)	
Because	O			
It	O			
Did	O			
A	O			
Deal	O			
With	O			
Netflix	B	Netflix	http://en.wikipedia.org/wiki/Netflix	
http://dlvr.it/5RgcL	O			
				
RT	O			
@TRAEABN	O			
Headed	O			
to	O			
Shreveport	B	Shreveport,_Louisiana	http://en.wikipedia.org/wiki/Shreveport,_Louisiana	Shreveport,_Louisiana
then	O			
Lake	B	Lake_Charles,_Louisiana	http://en.wikipedia.org/wiki/Lake_Charles,_Louisiana	Lake_Charles,_Louisiana
Charles	I	Lake_Charles,_Louisiana	http://en.wikipedia.org/wiki/Lake_Charles,_Louisiana	Lake_Charles,_Louisiana
-might	O			
as	O			
well	O			
shoot	O			
through	O			
dat	O			
#BMT	O			
after	O			
the	O			
slab	O			
show	O			
in	O			
Lake	B	Lake_Charles,_Louisiana	http://en.wikipedia.org/wiki/Lake_Charles,_Louisiana	Lake_Charles,_Louisiana
Charles	I	Lake_Charles,_Louisiana	http://en.wikipedia.org/wiki/Lake_Charles,_Louisiana	Lake_Charles,_Louisiana
..	O			
				
Bestfriend	O			
HouseTonight	O			
Til	O			
Sunday	O			
Route	O			
66	O			
Tomarrow	O			
Wit	O			
The	O			
Cuhzans	O			
,	O			
Bestfriend&lt;Ride	O			
Or	O			
Die	O			
.	O			
Fuxx	O			
Widd	O			
IHT	O			
MODEL'$$	O			
Repp	O			
:)	O			
				
RT	O			
@robmoysey	O			
Eyeopener	B	The_Eyeopener	http://en.wikipedia.org/wiki/The_Eyeopener	
vs	O			
.	O			
Ryerson	B	--NME--	--NME--	
Quidditch	I	--NME--	--NME--	
team	O			
this	O			
Sunday	O			
at	O			
4	O			
p.m.	O			
Anyone	O			
know	O			
where	O			
to	O			
get	O			
cheap	O			
brooms	O			
?	O			
#Ryerson	O			
@RUQuidditch	O			
#Rams	O			
				
Lots	O			
of	O			
Merlot	B	Merlot	http://en.wikipedia.org/wiki/Merlot	
on	O			
Thursday	O			
night	O			
means	O			
tired	O			
London	O			
Ladies	O			
are	O			
in	O			
bed	O			
by	O			
23.19	O			
on	O			
the	O			
Friday	O			
.	O			
Listening	O			
to	O			
the	O			
arts	O			
show	O			
on	O			
@BBCRadio4	O			
.	O			
				
@chrislhayes	O			
That	O			
's	O			
nothing	O			
compared	O			
to	O			
the	O			
LaserDiscs	O			LaserDisc
I	O			
picked	O			
up	O			
at	O			
goodwill	O			
the	O			
other	O			
day	O			
.	O			
Completely	O			
useless	O			
those	O			
.	O			
				
Really	O			
hope	O			
I	O			
can	O			
get	O			
to	O			
@glasgowfilm	O			
for	O			
Winter	B	Winter's_Bone‎	http://en.wikipedia.org/wiki/Winter's_Bone	
's	I	Winter's_Bone‎	http://en.wikipedia.org/wiki/Winter's_Bone	
Bone	I	Winter's_Bone‎	http://en.wikipedia.org/wiki/Winter's_Bone	
-	O			
need	O			
to	O			
get	O			
on	O			
with	O			
job	O			
applications	O			
tonight	O			
then	O			
!	O			
Trailer	O			
:	O			
http://bit.ly/bhUlum	O			
				
DITR	O			
REI	O			
Update	O			
:	O			
California	B	California	http://en.wikipedia.org/wiki/California	California
Home	O			
Sales	O			
Decline	O			
Year-Over-Year	O			
:	O			
By	O			
Michael	B	--NME--	--NME--	Michael_Kraus_(minister)
Kraus	I	--NME--	--NME--	Michael_Kraus_(minister)
on	O			
September	O			
17	O			
...	O			
http://bit.ly/96Zavf	O			
#realestate	O			
#invest	O			
				
Why	O			
do	O			
that	O			
to	O			
begin	O			
with	O			
?	O			
lols	O			
.	O			
@mggykills	O			
@dieSIBdie	O			
When	O			
on	O			
vacation	O			
in	O			
Cebu	B	Cebu	http://en.wikipedia.org/wiki/Cebu	Cebu
,	O			
you	O			
do	O			
not	O			
sniff	O			
your	O			
roommate	O			
's	O			
boxers	O			
.	O			
#rulesbetweenmen	O			
				
RT	O			
@PLLGirls	O			
:	O			
Episodes	O			
1-10	O			
of	O			
Pretty	B	Pretty_Little_Liars_%28TV_series%29	http://en.wikipedia.org/wiki/Pretty_Little_Liars_%28TV_series%29	Pretty_Little_Liars
Little	I	Pretty_Little_Liars_%28TV_series%29	http://en.wikipedia.org/wiki/Pretty_Little_Liars_%28TV_series%29	Pretty_Little_Liars
Liars	I	Pretty_Little_Liars_%28TV_series%29	http://en.wikipedia.org/wiki/Pretty_Little_Liars_%28TV_series%29	Pretty_Little_Liars
will	O			
air	O			
in	O			
the	O			
UK	B	United_Kingdom	http://en.wikipedia.org/wiki/United_Kingdom	United_Kingdom
on	O			
October	O			
18	O			
!	O			
				
Playboy	B	Playboy_Enterprises	http://en.wikipedia.org/wiki/Playboy_Enterprises	
-	O			
10	O			
October	O			
2010	O			
Slovenia	B	Slovenia	http://en.wikipedia.org/wiki/Slovenia	Slovenia
:	O			
Playboy	B	Playboy_Enterprises	http://en.wikipedia.org/wiki/Playboy_Enterprises	
-	O			
10	O			
October	O			
2010	O			
SloveniaSlovene	O			
|	O			
138	O			
pages	O			
|	O			
PDF	O			
|	O			
39.45	O			
Mb	O			
http://bit.ly/aJILb4	O			
				
Looking	O			
for	O			
something	O			
to	O			
do	O			
tonight	O			
?	O			
Samuel	B	--NME--	--NME--	
Savoirfaire	I	--NME--	--NME--	
Williams	I	--NME--	--NME--	
at	O			
Potbelly	B	--NME--	--NME--	
Lincoln	I	--NME--	--NME--	
Park	I	--NME--	--NME--	
in	O			
Chicago	B	Chicago	http://en.wikipedia.org/wiki/Chicago	Chicago
,	O			
IL	B	Illinois	http://en.wikipedia.org/wiki/Illinois	Illinois
http://bit.ly/bKMFgi	O			
				
@LesColyer	O			
Who	O			
do	O			
you	O			
film	O			
for	O			
?	O			
I	O			
was	O			
on	O			
SKY	B	Sky_News	http://en.wikipedia.org/wiki/Sky_News	BSkyB
news	I	Sky_News	http://en.wikipedia.org/wiki/Sky_News	
2	O			
weeks	O			
ago	O			
#checkmeout	O			
				
BORDER	B	--NME--	--NME--	
LINEA	I	--NME--	--NME--	
IS	O			
TONIGHT	O			
!	O			
9	O			
p.m.	O			
to	O			
2	O			
a.m.	O			
NO	O			
COVER	O			
.	O			
Come	O			
by	O			
and	O			
see	O			
local	O			
musicians	O			
and	O			
artists	O			
showcased	O			
at	O			
Limelight	B	--NME--	--NME--	The_Limelight
on	O			
St	B	--NME--	--NME--	
.	I	--NME--	--NME--	
Mary's.	I	--NME--	--NME--	
				
I	O			
've	O			
got	O			
a	O			
theory	O			
that	O			
if	O			
you	O			
give	O			
100%	O			
all	O			
of	O			
the	O			
time	O			
,	O			
somehow	O			
things	O			
will	O			
work	O			
out	O			
in	O			
the	O			
end	O			
.	O			
-Larry	B	Larry_Bird	http://en.wikipedia.org/wiki/Larry_Bird	
Bird	I	Larry_Bird	http://en.wikipedia.org/wiki/Larry_Bird	
				
preciso	O			
de	O			
um	O			
BG	O			
do	O			
all	O			
time	O			
low	O			
ou	O			
do	O			
the	O			
maine	O			
(	O			
:	O			
				
Good	O			
golly	O			
.	O			
Who	O			
left	O			
the	O			
candy	O			
in	O			
the	O			
lunchroom	O			
.	O			
May	O			
                                                                                               October	O			
2010	O			
Slovenia	B	Slovenia	http://en.wikipedia.org/wiki/Slovenia	Slovenia
:	O			
Playboy	B	Playboy_Enterprises	http://en.wikipedia.org/wiki/Playboy_Enterprises	
-	O			
10	O			
October	O			
2010	O			
SloveniaSlovene	O			
|	O			
138	O			
pages	O			
|	O			
PDF	O			
|	O			
39.45	O			
Mb	O			
http://bit.ly/aJILb4	O			
				
Looking	O			
for	O			
something	O			
to	O			
do	O			
tonight	O			
?	O			
Samuel	B	--NME--	--NME--	
Savoirfaire	I	--NME--	--NME--	
Williams	I	--NME--	--NME--	
at	O			
Potbelly	B	--NME--	--NME--	
Lincoln	I	--NME--	--NME--	
Park	I	--NME--	--NME--	
in	O			
Chicago	B	Chicago	http://en.wikipedia.org/wiki/Chicago	Chicago
,	O			
IL	B	Illinois	http://en.wikipedia.org/wiki/Illinois	Illinois
http://bit.ly/bKMFgi	O			
				
@LesColyer	O			
Who	O			
do	O			
you	O			
film	O			
for	O			
?	O			
I	O			
was	O			
on	O			
SKY	B	Sky_News	http://en.wikipedia.org/wiki/Sky_News	BSkyB
news	I	Sky_News	http://en.wikipedia.org/wiki/Sky_News	
2	O			
weeks	O			
ago	O			
#checkmeout	O			
				
BORDER	B	--NME--	--NME--	
LINEA	I	--NME--	--NME--	
IS	O			
TONIGHT	O			
!	O			
9	O			
p.m.	O			
to	O			
2	O			
a.m.	O			
NO	O			
COVER	O			
.	O			
Come	O			
by	O			
and	O			
see	O			
local	O			
musicians	O			
and	O			
artists	O			
showcased	O			
at	O			
Limelight	B	--NME--	--NME--	The_Limelight
on	O			
St	B	--NME--	--NME--	
.	I	--NME--	--NME--	
Mary's.	I	--NME--	--NME--	
				
I	O			
've	O			
got	O			
a	O			
theory	O			
that	O			
if	O			
you	O			
give	O			
100%	O			
all	O			
of	O			
the	O			
time	O			
,	O			
somehow	O			
things	O			
will	O			
work	O			
out	O			
in	O			
the	O			
end	O			
.	O			
-Larry	B	Larry_Bird	http://en.wikipedia.org/wiki/Larry_Bird	
Bird	I	Larry_Bird	http://en.wikipedia.org/wiki/Larry_Bird	
				
preciso	O			
de	O			
um	O			
BG	O			Bg_(disambiguation)
do	O			
all	O			
time	O			
low	O			
ou	O			
do	O			
the	O			
maine	O			
(	O			
:	O			
				
Good	O			
golly	O			
.	O			
Who	O			
left	O			
the	O			
candy	O			
in	O			
the	O			
lunchroom	O			
.	O			
May	O			
set	O			
a	O			
world	O			
record	O			
for	O			
the	O			
most	O			
Sour	B	Sour_Patch_Kids	http://en.wikipedia.org/wiki/Sour_Patch_Kids	Sour_Patch_Kids
Patch	I	Sour_Patch_Kids	http://en.wikipedia.org/wiki/Sour_Patch_Kids	Sour_Patch_Kids
kids	I	Sour_Patch_Kids	http://en.wikipedia.org/wiki/Sour_Patch_Kids	
eaten	O			
by	O			
an	O			
individual	O			
!	O			
				
Football	O			
game	O			
tonight	O			
with	O			
mariaelena	B	--NME--	--NME--	
,	O			
sarah	B	--NME--	--NME--	
,	O			
and	O			
brittany	B	--NME--	--NME--	
!	O			
Mood	O			
:	O			
excited	O			
!!	O			
GOO	O			
WB	B	--NME--	--NME--	
WILDCATS	I	--NME--	--NME--	
!	O			
				
I	O			
called	O			
my	O			
sister	O			
and	O			
she	O			
asked	O			
why	O			
i	O			
want	O			
a	O			
mcdonalds	B	McDonald's	http://en.wikipedia.org/wiki/McDonald's	
at	O			
this	O			
time	O			
of	O			
nigh	O			
t.i	O			
said	O			
'	O			
blame	O			
rose	B	--NME--	--NME--	
'	O			
she	O			
said	O			
'	O			
who	O			
's	O			
rose	B	--NME--	--NME--	
?'	O			
lmao	O			
				
Blades	B	Saskatoon_Blades	http://en.wikipedia.org/wiki/Saskatoon_Blades	Blades_(disambiguation)
trade	O			
Travis	B	--NME--	--NME--	
Toomey	I	--NME--	--NME--	
to	O			
Seattle	B	Seattle_Thunderbirds	http://en.wikipedia.org/wiki/Seattle_Thunderbirds	Seattle
for	O			
4th	O			
Rd	O			
Pick	O			
in	O			
'	O			
11	B	WHL_Bantam_Draft	http://en.wikipedia.org/wiki/WHL_Bantam_Draft	
Bantam	I	WHL_Bantam_Draft	http://en.wikipedia.org/wiki/WHL_Bantam_Draft	WHL_Bantam_Draft
Draft	I	WHL_Bantam_Draft	http://en.wikipedia.org/wiki/WHL_Bantam_Draft	WHL_Bantam_Draft
.	O			
7	O			
20-year	O			
olds	O			
remain	O			
.	O			
#yxe	O			
#Blades	O			
#WHL	O			
				
RT	O			
@JR_Swish	O			
:	O			
Every	O			
time	O			
I	O			
look	O			
@NICKIMINAJ	O			
I	O			
just	O			
be	O			
lost	O			
for	O			
words	O			
damn	O			
!	O			
#shhhhhhh	O			
				
Kid	B	Kid_Cudi	http://en.wikipedia.org/wiki/Kid_Cudi	
Cudi	I	Kid_Cudi	http://en.wikipedia.org/wiki/Kid_Cudi	
Opens	O			
Up	O			
About	O			
Cocaine	O			
Use	O			
,	O			
Failed	O			
Lady	O			
Gaga	O			
Tour	O			
:	O			
by	O			
Mariel	B	--NME--	--NME--	
Concepcion	I	--NME--	--NME--	
,	O			
NY	B	New_York	http://en.wikipedia.org/wiki/New_York	
|	O			
September	O			
1	O			
...	O			
http://bit.ly/cZWGDi	O			
				
Now	O			
off	O			
for	O			
Sushi	O			Sushi_(disambiguation)
before	O			
Sundown	O			Sundown_(disambiguation)
				
